id,age,sex,ethnicity.simplified,Country.of.birth,Country.of.residence,Nationality,Language,condition,round,age_cat,,item1,item2,item3,item4,item5,item6,item7,item8,item9,item10,item11,item12,item13,item14,item15,item16,item17,item18,item19,item20,item21,item22,item23,item24,item25,item26,item27,item28,item29,item30,itemred,item31,item32,item33,item34,item35,item36,item37,item38,item39,item40,item41,item42,item43,item44,item45,item46,item47,item48,item49,item50
,,,,,,,,,,,understanding_check,Name a country in Europe,Name a make of car,Name a type of weather,Name an important person from history,Name a brand of chocolate bar,Name a country you might go to on holiday,Name a political party,Name a drink ordered at a bar,Name any year (past present or future),Name a type of insect,Name a city,Name something people might do on holiday,Name a way of getting fit,Name a magazine,Name a date in the year (dd/mm),Name a television channel or streaming service,Name a newspaper,Name a whole number,Name a mountain,Name a computer game,Name a supermarket chain,Name a sports person (of any sport),Name an item of clothing,Name a country in Africa,Name a musical band or artist,Name a landmark,Name a houseplant,Name something that might be found on the beach,Name a flower,Name a part of a car,Name something red,Name a subject you might study at school,Name a typical celebration,Name a song,Name something that happens at parties,Name a sport,Name a popular dance,Name a brand of clothing,Suggest any girl's name,Name a river,Name a household chore,Name a book,Name a building,Name a film,Name a foreign currency,Name something that might be found in a bathroom,Name a job or profession,Name something that might be found in the garden,Name a food that you eat standing up,Name a breed of dog,Name something people might do on a night out
,,,,,,,,,,,,europe,car,weather,history,chocolate,holiday,political,drink_bar,year,insect,city,people_holiday,fit,magazine,date,tv,newspaper,number,mountain,computer_game,supermarket,player,clothing,africa,music_artist,landmark,houseplant,beach,flower,car_part,na,subject,celebration,song,party,sport,dance,clothing_brand,girl,river,chore,book,building,film,currency,bathroom,job,garden,food_standing,dog,night_out
555b4c66fdf99b19786e3fa8,29,male,white,uk,uk,uk,English,within,1,younger,,Britain,ford,Rain,Winston Churchill,Dairy Milk,spain,Labour,San Miguel,2022,Ladybird,London,Skiing,Jogging,Hello,25-Dec,BBC one,The Guardian,1,Kilamanjaro,Fortnite,Tesco,Harry Kane,Jumper,Nigeria,The Beatles,The London Eye,Monstera,Sand,Rose,Exhaust,na,Maths,Party,Don't look back in anger,Drinking,Football,The Macarena,Lacoste,Mary,Thames,Laundry,Harry Potter and the philosopher's stone,Big Ben,Avengers,euro,Toilet brush,Teacher,Clothes line,ice cream,British Bull dog,Drink
555b4c66fdf99b19786e3fa8,29,male,white,uk,uk,uk,English,between,2,younger,,Britain,ford,Rain,Winston Churchill ,Dairy Milk,spain,Labour,Martini,2022,Ladybird,London,Swimming,jogging,Hello,25-Dec,BBC one,The independent,1,Kilimanjaro ,Pong,Asda,Harry Kane,Jumper,Nigeria,the beatles,London Eye,Monstera,Parasol,Rose,seatbelt,na,Maths,Cheers,Yesterday,Drinkin,Football,Cha Cha Slide,Tommy Hilfiger ,Elizabeth ,Thames,Laundry,Of mice and men,Big Ben,Matrix,Euro,Toilet Brush,Train Driver,Shed,Ice cream,British bull dog,Drink
55e9aa1c735c45001043fbb6,64,female,white,uk,uk,uk,English,between,1,older,,London,mazda,Sunny,Adolf Hilter,Galaxy,spain,Labour,Beer,2000,spider,Paris,Sunbathe,Going to the Gym,OK,25-Dec,Netflix,Daily Mirror,20,Snowdon,Crash Bandicoot,Tesco,Gareth Bale,sweater,Kenya,Ed Shereen,Big Ben,Spider plant,Sand,Rose,Engine,na,English,Christmas,shallow,Dancing,Football,Jive,NIKE,Olivia,Thames,Washing dishes,Lady Chatterleys lover,Shard,Titanic,Euro,Shampoo,Builder,Grass,Hot Dog,Poodle,Drink
55e9aa1c735c45001043fbb6,64,female,white,uk,uk,uk,English,within,2,older,,spain,volvo,Sun,Winston Churchill,Mars,USA,Conservatives,Gin and tonic,1960,spider,London,Sunbathe,Jog,Thats life,25/22,Netfix,Daily Mail,50,everest,Resident Evil,Sainsbury,Gareth Bale,Jumper,Egypt,Take That,Big Ben,Rubber Plant,Sea,rose,engine,na,Maths,christmas,my heart will go on,drinking,football,Salsa,Nike,Laura,Thames,Vaccuming,Jane Eyre,Buckingham palace,Dirty Dancing,Euro,Soap,Plumber,patio,Chips,Boxer,Drink
5641c95d17bdbe00102a0b51,58,female,white,United States,uk,uk,English,within,1,older,,france,ford,rain,Winston Churchill,cadburys,spain,labour,beer,2000,moth,london,sunbathe,walking,women's weekly,25-Dec,BBC 1,The Sun,10,Ben Nevis,solitare,ASDA,Ferdinand,trousers,Kenya,Beatles,Big Ben,aspidistra ,sand,daffodil ,engine,na,English,Anniversary ,God Save the Queen,dancing,football,waltz,Marks and Spencer,Emily,Thames,washing up,Paddington,houses of parliment,here to eternity,euro,toilet,plumber ,grass,candy floss,jack russell,go to the pub
5641c95d17bdbe00102a0b51,58,female,white,United States,uk,uk,English,between,2,older,,germany,ford,rain,the queen,kit kat,Ibiza,Labour,gin,2022,butterfly,Manchester,hiking,running,the times,25-Dec,netflix,the metro,100,Matterhorn,call of duty,Aldi,Beckham,top,Kenya,Adele,London Eye,cactus,sand,rose,steering wheel,na,Maths,birthday,all I want for Christmas is you,drinking,football,macarena ,Levis,Emily,Thames,laundry,the bible,big ben,top gun,euro,shower,banker,chairs,burritos,collie ,pub crawl
566763253045cd0005bfedaf,65,Male,white,uk,uk,uk,English,within,1,older,,england,ford,snow,wiston churchill,cadburys dairy milk,usa,conservatives,beer,2022,ant,london,sunbathe,jogging,private eye,25-Dec,bbc,the sun,18,everest,space invaders,tesco,harry kane,jeans,kenya,slade,house of parliament,rose,sand,daffodil,tyre,na,maths,new years eve,you will never walk alone,drinking,football,waltz,levis,elizabeth,thames,washing up,bible,tower of london,raiders of the lost ark,dollar,bath,engine driver,plants,steak pie,greyhound,drink
566763253045cd0005bfedaf,65,Male,white,uk,uk,uk,English,between,2,older,,england,ford,Snow,Wiston Churchill,mars,spain,labour,beer,2022,ant,llondon,sunbathe,jogging,radio times,25-Dec,netflix,the sun,18,everest,minecraft,tesco,lionel messi,t shirt,south africa,fleetwood mac,tower bridge,rose,sand,daffodil,engine,na,maths,hug,its begining to feel like christmas,drinks,football,waltz,levis,jane,thames,washing up,harry potter,house of parliament,home alone,dollar,bath,train driver,plants,burger,jack russell,drink
56906694a3b94e000c6cd179,60,Female,white,uk,uk,uk,English,within,1,older,,france,toyota,Rain,Hitler,Cadbury's,Thailand,Labour,Gin and tonic,2000,Bee,London,Swim  in the sea,Yoga,Hello,01-Jan,Netflix,The Guardian,5,Everest,Fortnight,Tescos,Jill the Lioness,Shirt,Nigeria,Taylor Swift,Tower of London,Cheeseplant,Sand,Daisy,Engine,na,English literature,Birthday,"Last Christmas, Wham",People get drunk,Motor racing,Street dance,Gap,Sarah,Thames,Hoovering,"The Beach, Alex Garland",Westminster Cathedral,Emancipation,US dollars,Sink,Teacher,Grass,Burger,Cockerpoo,Drink
56906694a3b94e000c6cd179,60,Female,white,uk,uk,uk,English,between,2,older,,Brussels,ford,Rain,Winston Churchill,Cadbury's,spain,Conservatives,Gin and tonic,1999,Bee,London,Sight-see,Jogging,Radio Times,13-Dec,Channel 4,Daily Mail,6,Kilimanjaro,The Sims,Sainsbury's,Lester Piggott,Jeans,Nigeria,Oasis,London Bridge,Cactus,Pebbles,Daffodil,Bonnet,na,Art,Anniversary,"Brown Sugar, The Stones",People drink,Football,Tango,Ben Sherman,Julia,Thames,Dusting,Treasure Island,Westminster Abbey,The Long Good Friday,Yen,Bath,Banker,Plants,Crisps,Labrador,Have fun
579e5da516020100010416b8,60,Male,White,uk,uk,uk,English,within,1,older,,uk,ford,Snow,Henry VIII,Cadburys,Greece,Conservative,Beer,1985,Fly,London,Sightseeing,Jogging,Hello,01-Jan,Netflix,Telegraph,60,Everest,Tomb Raider,Tesco,Ben Stokes,Jeans,Ethiopia,Queen,Stonehenge,Ivy,Shell,Sunflower,Engine,na,History,Christmas,Yellow Submarine,Buffet,Football,Jive,Burberrys,Claire,Thames,Vacuuming,1984,Buckingham Palace,Its a Wonderful Life,Dollar,Bath,Waiter,Grass,Sandwich,Jack Russell,Drink
579e5da516020100010416b8,60,Male,White,uk,uk,uk,English,between,2,older,,france,tesla,Sun,Winston Churchill,Cadburys,france,Liberal Democrats,Gin,2030,Ant,Paris,Sightseeing,Running,Hello,01-Jan,Netflix,The Sun,25,Everest,SimCity,Tesco,Mo Farrah,Leggings,Sudan,Katy Perry,Stonehenge,Orchid,Shells,Sunflower,Engine,na,History,Birthdays,Do they know its Christmas,Dancing,Football,Jive,Burberrys,Louise,Thames,Vacuuming,1984,Buckingham Palace,Fast & Furious,Dollar,Shower,IT Consultant,Grass,Sandwich,Labrador,Drink
57a78015454e5400015f57ec,56,Male,White,Ireland,uk,uk,English,within,1,older,,france,ford,Rain,Churchill,Cadburys,spain,Conservative,Lager,2019,BEE,LONDON,SWIM,RUNNING,TV TIMES,11-Nov,BBC,GUARDIAN,8,ALPS,FIFA,SAINSBURY,ALEX FERGUSON,SHIRT,NIGERIA,U2,PALACE OF WESTMINSTER,ROSE,SAND,ROSE,ENGINE,na,MATHS,BIRTHDAY,WHITE CHRISTMAS,DANCE,FOOTBALL,WALTZ,BOSS,MARY,THAMES,WASHING,BIBLE,SHARD,SOUND OF MUSIC,EURO,SINK,TEACHER,BAR-B-Q,CHIPS,LABRADOR,DRINK
57a78015454e5400015f57ec,56,Male,White,Ireland,uk,uk,English,between,2,older,,france,audi,SUNNY,MANDELA,CADBURYS,USA,GREEN,VODKA,2019,BEE,LONDON,CLUBBING,GYM,MENS HEALTH,11-Nov,NETFLIX,MIRROR,2,ALPS,CALL OF DUTY,LIDL,HARRY KANE,JEANS,NIGERIA,D.RASCAL,BIG BEN,LILY,SAND,ROSE,ENGINE,na,COMPUTOR SCIENCE,BIRTHDAY,DANCE WIV ME,DANCING,FOOTBALL,HIP HOP,BOSS,ANNE,THAMES,IRONING,BIBLE,SHARD,AVATAR,EURO,SHOWER,BANKER,BAR-B-Q,SANDWICH,LABRADOR,EAT
57deea8589fea700017296dc,62,Male,White,uk,uk,uk,English,within,1,older,,france,ford,rain,Jesus,Mars,spain,Conservative,Lager,2000,Ant,London,Sunbath,Walk,Hello,01-Apr,BBC1,Daily Mail,8,Everest,Pac-Man,Tesco,Usain Bolt,Jeans,Nigeria,U2,Pyramids,Yucca,Sand,Rose,Engine,na,English,Birthday,Careless Whisper,Drinking,Football,Waltz,Levi,Karen,Thames,Washing up,Harry Potter,Houses of Parliament,Titanic,Dollar,Toothbrush,Doctor,Plants,Sandwich,Labrador,Dance
57deea8589fea700017296dc,62,Male,White,uk,uk,uk,English,between,2,older,,france,tesla,Sun,Hitler,Hershey,Thailand,Labour,Cocktail,2000,Bee,London,Go clubbing,Gym,Vogue,25-Dec,Netflix,Daily Mail,7,Everest,GTA,Tesco,Kobe Bryant,Jeans,Nigeria,Lizzo,Statue of Liberty,Orchid,Sand,Rose,Wheels,na,Maths,Birthday,Angels,Dancing,Football,Salsa,Gucci,Olivia,Amazon,Making the bed,Harry potter,The Shard,Harry Potter,france,Toothbrush,Doctor,Plants,Burger,Bulldog,Dance
589f4cdd890ea500014c4d85,62,Female,White,uk,uk,uk,English,between,1,older,,france,ford,Rain,Nelson Mandela,Cadburys,spain,Labour,Beer,2020,fly,London,sunbathe,gym,Hello,25-Dec,Netflix,Guardian,2,Everest,Super Mario,Tesco,Gary Lineker,jumper,Morocco,Elton John,Nelson's Column,Spider Plant,Sand,Rose,Engine,na,Maths,Christmas,National Anthem,dancing,Football,twist,Levis,Jessica,Thames,cleaning,Bible,Buckingham Palace,Love Actually,Euro,Toilet,Teacher,grass,burger,labrador,drink
589f4cdd890ea500014c4d85,62,Female,White,uk,uk,uk,English,within,2,older,,spain,Honda,sun,Margaret Thatcher,Nestles,spain,Labour,beer,2020,fly,London,sunbathe,running,Hello,25-Dec,BBC,Guardian,2,Everest,Super Mario,Tesco,Gary Lineker,jeans,Morocco,Elton John,Nelson's Column,Spider Plant,sand,rose,engine,na,maths,birthday,National Anthem,dancing,Football,jive,Levis,Jessica,Thames,cleaning,Bible,Buckingham Palace,Love Actually,Euro,Toilet,Teacher,grass,chips,Labrador,drink
59532996d5822e000125a73b,35,Female,White,uk,uk,uk,English,within,1,younger,,spain,audi,Sunny,Albert Einstein,Cadbury,spain,Labour,Wine,2022,Fly,London,Sunbathe,Running,OK,13-Dec,BBC,Daily Mail,10,Everest,Fifa,ASDA,Harry Kane,Trousers,Zimbabwe,Sam Fender,stonehenge,orchid,sand,rose,engine,na,English,Birthday,Anti-Hero,dancing,football,macarena,nike,Sophie,thames,vacuuming,Catcher in the Rye,House of parliament,Top Gun,Euro,Toothbrush,Police Officer,Grass,fries,chihuaha,dance
59532996d5822e000125a73b,35,Female,White,uk,uk,uk,English,between,2,younger,,spain,vauxhall,Sunny,Albert Einstein,Cadbury,spain,Tory,Beer,2022,Fly,London,sightseeing,workout at the gym,Hello,13-Dec,BBC,The Times,10,Everest,Fifa,Sainsburys,Harry Kane,Shirt,Zimbabwe,Ed Sheeran,stonehenge,lily,pebble,rose,engine,na,Maths,Birthday,Happy Birthday,dancing,football,macarena,nike,Olivia,thames,vacuuming,Catcher in the Rye,house of parliament,Top Gun,euro,toothbrush,Police Officer,flowers,ice-cream,terrier,dance
598971de71fb500001aaa40c,31,Male,White,uk,uk,uk,English,between,1,younger,,france,bmw,sun,winston churchill,cadbury,spain,conservative,beer,2022,bee,london,sight see,jogging,good housekeeping,25-Dec,bbc,the sun,10,figi,super mario,tesco,usain bolt,trousers,kenya,cliff richard,eiffel tower,rubber plant,sand,rose,engine,na,maths,birthday,happy birthday,dancing,football,waltz,m and s,amy,thames,ironing,the bible,houses of parliment,skyfall,euro,mirror,lawyer,grass,sandwich,boxer,eat
598971de71fb500001aaa40c,31,Male,White,uk,uk,uk,English,within,2,younger,,spain,bmw,sun,queen elizabeth,cadbury,greece,labour,lager,2022,ant,new york,sun bathe,the gym,mens health,25-Dec,netflix,the mirror,1,snowdon,minecraft,tesco,harry caine,jeans,kenya,ed sheeran,the shard,fern,sunbed,rose,exhaust,na,english,birthday,shivers,drinking,football,tango,levis,lily,thames,washing up,50 shades of grey,empire state building,home alone,euro,toilet,accountant,flowers,pizza,french bulldog,cinema
59b6fc6662b30d0001b7a8bb,30,Male,White,Italy,uk,uk,English,within,1,younger,,france,ford,Sun,Napoleon,Cadbury,spain,Labour,Beer,2022,Mosquito,London,Swim,Gym,Economist,01-Jan,BBC,The Guardian,1,Everest,Tomb Raider,Tesco,Kane,Jumper,South Africa,Red Hot Chili Peppers,Stonehenge,Cactus,Sand,Sunflower,Wheel,na,Maths,Christmas,Hello,Drinking,Football,Salsa,Burberry,Sarah,Thames,Cleaning,The Da Vinci Code,Big Ben,Julie and Julia,Euro,Toilet,Lawyer,Flower,Sandwich,Golden Retriever,Dance
59b6fc6662b30d0001b7a8bb,30,Male,White,Italy,uk,uk,English,between,2,younger,,france,volvo,Cloudy,Einstein,Cadbury,spain,Conservative,Wine,2022,Bee,Paris,Sightseeing,Running,The Economist,01-Jan,BBC,The Times,1,Everest,Pokemon,Tesco,Kane,Hat,Morocco,Beatles,Stonehenge,Cactus,Sand,Roses,Radio,na,Maths,Christmas,Hey Jude,Dancing,Football,Salsa,Burberry,Julie,Thames,Cleaning,Becoming,Downing Street,Skyfall,Dollar,Bath,Accountant,Flower,Crisps,Yorkshire Terrier,Drink
59cca4561805010001498011,58,Male,White,uk,uk,uk,English,between,1,younger,,france,ford,Snow,Winston Churchill,Cadbury,spain,Conservative,Beer,2000,Bee,London,Sunbathe,Gym,Hello,01-Jan,Netflix,Sun,1,Everest,Fifa,Tesco,Harry Kane,Trousers,South Africa,Oasis,Big Ben,Fern,Sand,Daffodils ,Door,na,English,Christmas,Hey Jude,Drink,Football,Disco,Levi,Jane,Thames,Cleaning,Bible,Buckingham Palace,Star Wars,Euro,Bath,Dentist,Plant,Hot dog,Alsation,Drink
59cca4561805010001498011,58,Male,White,uk,uk,uk,English,within,2,younger,,germany,ford,Snow,Winston Churchill,Cadbury,france,Labour,Beer,1945,Bee,London,Sunbathe,Running,NME,25-Dec,Itv,Sun,1,Everest,Manic minor,Tesco,David Beckham,Shirt,Egypt,Beatles,Buckingham Palace,Fern,Sand,Daffodils ,Steering wheel,na,Maths,New Year,Hey jude,Drink,Football,Waltz,Levy,Elizabeth,Thames,Dusting,Bible,Wembley,Star Wars,Euro,Soap,Post man,Grass,Hot dog,Alsation,Drink
59d4fb316cc82800013e32d3,64,Male,White,uk,uk,uk,English,within,2,older,,germany,nissan,Sunshine,Churchill,Cadbury,spain,Conservative,Lager,2022,Bee,Paris,Sunbathe,Walking,Top gear,25-Dec,BBC1,Daily Mail,20,Snowdon,Mario,Tesco,Harry Kane,Shirt,Egypt,Rolling Stones,Big Ben,Sunflower,Seaweed,Rose,Tyre,na,Maths,Birthday,White Christmas,Eating,Football,Tango,Marks and Spencer,Alice,Thames,Vacuuming,Harry Potter,Houses of Parliament,Alien,Euro,Shower Gel,Teacher,Lawn,Sandwich,Labrador,Drink
59d4fb316cc82800013e32d3,64,Male,White,uk,uk,uk,English,between,1,older,,france,ford,Rain,Churchill,Cadbury,spain,Conservative,Lager,2022,Bee,London,Sunbathe,Running,T times,25-Dec,Netflix,Guardian,10,Ben Nevis,The Sims,Tesco,Harry Kane,T-shirt,Morocco,Ed Sheehan,Tower Bridge,Sunflower,Seaweed,Rose,Tyre,na,English,Birthday,White Christmas,Eating,Football,Tango,Next,Rose,Thames,Vacuuming,Harry Potter,Houses of Parliament,Alien,Euro,Shower Gel,Teacher,Lawn,Sandwich,Cockapoo,Drink
59e9e46a1c947e00012b2621,59,Female,White,uk,uk,uk,English,between,1,older,,france,mini,rain,Henry8,cadbury,spain,labour,vodka,2019,spider,new york,spain,running,bella,12-Dec,netflix,sun,ten,ben nevis,call of duty,Aldi,rushford,jacket,Zimbabwia,west life,angel of the north,ponsetta,sand,pansy,mini,na,English,christmas,Its christmas time,dance,Tennis,Zumba,Nike,Ann,Trent,hoovering,Harry Potter,Empire state,Die hard,Euro,Bed,postman,Lawn,Chips,Poodle,Drink
59e9e46a1c947e00012b2621,59,Female,White,uk,uk,uk,English,within,2,older,,france,mini,Raining,Henry 8,Cadbury,france,labour,Beer,2019,Bee,London,Sunbathe,Walking,Bella,25-Dec,Netflix,Sun,Ten,Snowdonia,Call of duty,Tesco,John Mcenroe,Gloves,Zimbabwia,Take That,Angel of the north,Spider plant,Pebble,Rose,mini,na,Maths,Birthday,Do they no its christmas,Dance,Rugby,Waltz,Nike,Sarah,Thames,Ironing,Jungle book,Twin Towers,Die hard,Euro,Shower,Fireman,Lawn,Chips,Poodle,Drink
5a81a9fb0f1bce00012201ef,65,Female,White,uk,uk,uk,English,between,1,older,,france,ford,Windy,Adolf Hitler,Cadburys,USA,Conservative,Gin and Tonic,2000,Bee,London,Sight-see,Running,Cosmopolitan,25-Dec,Netflix,Guardian,10,Everest,Fifa,Aldi,Harry Kane,jeans,Egypt,San Ryder,Angel of the North,Cyclamen,plastic,Rose,Engine,na,English,Christmas,Yellow,games,football,twist,Next,Ella,Severn,vacuuming,Hamnet,Empire State Building,The Holiday,euro,towel,teacher,grass,ice-cream,collie,dine
5a81a9fb0f1bce00012201ef,65,Female,White,uk,uk,uk,English,within,2,older,,france,ford,Sunny,Winston Churchill,Cadburys,france,Labour,Beer,1999,Bee,London,Relax,walking,Homes and Gardens,25-Dec,BBC,Times,8,mountain,computer_game,supermarket,player,clothing,africa,music_artist,landmark,houseplant,beach,flower,car_part,na,Maths,Christmas,White Christmas,dancing,football,twist,Wrangler,Sue,Thames,dusting,Jane Eyre,Houses of Parliament,Love Story,Euro,towel,doctor,Shrubs,ice lollies,Alsation,watch a movie
5a81acbdeea3d300016e4920,57,Female,White,uk,uk,uk,English,within,1,older,,france,honda,snow,winston Churchill,cadbury,spain,Conservative,coke,2000,spider,london,sunbathe,jogging,hello,25-Dec,bbc1,daily mail,10,everest,scrabble,tesco,roger federer,jumper,Botswana,spice girls,lands end,cheese plant,shell,rose,engine,na,maths,birthday,over the rainbow,dancing,football,tango,M&S,jane,thames,dusting,bible,Buckingham Palace,paddington,dollar,toothbrush,nursing,shed,hot dog,labradore,get drunk
5a81acbdeea3d300016e4920,57,Female,White,uk,uk,uk,English,between,2,older,,france,volskwagen,rain,queen elizabeth 2nd,cadbury,spain,labour,martini,2022,spider,London,sunbathe,Gym,hello,13-Dec,bbc,daily mail,10,Everest,minecraft,tesco,Cristiano Ronaldo,sweatshirt,Morroco,the beatles,Big Ben,cheese plant,shell,rose,bonnet,na,maths,christmas,im dreaming of a white christmas,get drunk,football,tango,asos,Mary,Thanes,washing up,bible,Taj Mahal,the Godfather,Euro,toothbrush,police,flowers,hot dog,alsation,watch a film
5a870482f49c9a0001f3941b,34,Male,White,uk,uk,uk,English,between,1,younger,,germany,mini,Rain,Hitler,Cadbury's,Italy,Conservatives/Tories,Beer,1966,Ant,London,relax,gym,Gardeners' World,25-Dec,BBC1,Daily Mail,60,Everest,space invaders,Tesco,David Beckham,Shoes,Nigeria,The Beatles,Big Ben,yucca,sand,rose,engine,na,maths,christmas,highway to hell,drinking,football,ballroom,nike,Lara,Thames,Hoovering/vacuuming,Great Expectations,The Shard,Die Hard,US Dollar,Bath,Doctor,grass,hotdog,German Shepherd,drink
5a870482f49c9a0001f3941b,34,Male,White,uk,uk,uk,English,within,2,younger,,spain,kia,Sun,Hitler,Cadbury's,Italy,Labour,Beer,1999,Ant,London,Relax,Gym,EMPIRE,25-Dec,Netflix,The Sun,20,Everest,Call of Duty,Sainsbury's,David Beckham,shirt,South Africa,Ed Sheeran,Big Ben,Yucca,Sand,Sunflower,Engine,na,English,Birthday,Shape of You,drinking,Football,gangnam style,Nike,Lara,Thames,Cleaning,Harry Potter and the Philosopher's Stone,The Shard,Die Hard,US dollar,Bath,Doctor,grass,hotdog,bulldog,sex
5a91cb166219a30001d2e6ef,30,Male,White,uk,uk,uk,English,within,1,younger,,france,ford,Sunny,Albert Einstein,Mars,spain,Labor,Lager,2012,bee,London,relax,exercise,heat,25-Dec,Netflix,The Guardian,7,Everest,Fortnite,Tesco,Neymar,Jeans,Nigeria,Taylor Swift,The Eiffel Tower,succulent,sand,rose,engine,na,maths,birthday,Love Story,drinking,football,tango,nike,Willow,Mississippi,washing dishes,The Bible,The Shard,minions,france,soap,accountant,grass,hotdog,dalmatian,drink
5a91cb166219a30001d2e6ef,30,Male,White,uk,uk,uk,English,within,1,younger,,france,ford,Sunny,Albert Einstein,Dairy Milk,The United States,The Conservative Party,Guinness,1992,flea,London,sunbathe,walking,Heat,25-Dec,BBC,The Daily Mail,7,Everest,Pong,Marks & Spencer,Roger Federer,Jumper,Ghana,The Beatles,The Eiffel Tower,rubber plant,shells,rose,engine,na,maths,birthday,Hey Jude,dancing,football,tango,puma,Susan,Thames,cleaning,The Bible,The Houses of Parliament,The Shawshank Redemption,france,Soap,accountant,snails,hotdog,dalmatian,dancing
5aa308f0b5e2110001c71eb5,28,Female,Mixed,uk,uk,uk,English,within,1,younger,,france,mercedes,snow,queen victoria,cadbury,greece,labour,vodka,2022,spider,paris,swim,gym,times,Jul-17,channel 4,guardian,50,everest,fortnight,tesco,wayne rooney,t shirt,nigeria,michael jackson,big ben,money plant,pebbles,rose,engine,na,maths,christmas,jingle bells,drinking,football,tango,next,clare,thames,washing,harry potter,shard,titanic,euro,soap,doctor,flowers,sandwich,labrador,eat
5aa308f0b5e2110001c71eb5,28,Female,Mixed,uk,uk,uk,English,between,2,younger,,france,mercedes,snow,queen victoria,cadbury,spain,labour,whisky,2022,spider,barcelona,swim,gym,vogue,17-Jul,netflix,guardian,50,everest,fortnight,tesco,wayne rooney,hat,nigeria,celine dion,big ben,money plant,pebbles,rose,engine,na,art,christmas,jingle bells,drinking,football,waltz,next,clare,thames,washing,harry potter,big ben,titanic,euro,soap,doctor,flowers,sandwich,labrador,drink
5b101257d282ff00015bdadb,55,Female,White,uk,uk,uk,English,within,1,older,,uk,ford,snow,Churchill,Cadburys,spain,Labour,Wine,2022,spider,London,sunbathe,gym,hello,01-Jan,BBC,Times,1,Everest,Sonic,Asda,Harry Kane,trousers,Kenya,Sam Smith,Big Ben,Spider plant,sand,rose,engine,na,maths,Christmas,White Christmas,dancing,football,tango,TopShop,Amy,Thames,cleaning,Oliver Twist,Buckingham Palace,Up,Euro,bath,doctor,grass,hot dog,labrador,dance
5b101257d282ff00015bdadb,55,Female,White,uk,uk,uk,English,between,2,older,,england,audi,Rain,The Queen,Mars,spain,Labour,beer,2022,spider,London,sunbathe,gym,vogue,01-Jan,Netflix,times,1,everest,CoD,Asda,Harry Kane,coat,Kenya,Taylor Swift,Big Ben,spider plant,sand,rose,engine,na,maths,birthday,Shooting Star,dancing,football,tango,River Island,Alice,Thames,washing up,Lord of the Flies,Big Ben,Titanic,Euro,shower,doctor,grass,burger,bulldog,dance
5b61dc6656c05f00018c7968,60,Male,White,uk,uk,uk,English,within,1,older,,france,ford,rain,churchill,mars,spain,sunak,beer,2022,spider,london,restaurant,walking,radio times,25-Dec,bbc1,daily mail,7,everest,call of duty,tesco,kane,jumper,south africa,beatles,big ben,orchid,towel,rose,engine,na,english,christmas,national anthem,drinking,football,waltz,fat face,elizabeth,thames,hoovering,bible,houses of paliament,jaws,dollar,tiolet,doctor,grass,sandwich,labrador,Drink
5b61dc6656c05f00018c7968,60,Male,White,uk,uk,uk,English,between,2,older,,spain,ford,rain,trump,mars,spain,labour,larger,2022,wasp,london,drinking,jogging,vouge,25-Dec,netflix,daily mail,7,everest,call of duty,tesco,kane,jumper,morocco,elvi,london eye,cactus,towel,rose,engine,na,english,christmas,wish you a merry christmas,drinking,football,twerk,fat face,elizabeth,thames,load dishwasher,bible,parliament,star wars,dollar,tiolet,consultant,grass,sandwich,cockapoo,Drink
5b76febccee87f0001f989ac,28,Female,White,uk,uk,uk,English,between,1,younger,,spain,ford,Sunny,Anne Frank,Dairy Milk,spain,Labour,Wine,2020,Ant,London,Sunbathe,Running,Heat,25-Dec,BBC,The Sun,10,Everest,Tetris,Asda,David Beckham,Jumper,Kenya,Wham!,Eiffel Tower,Cactus,Sand,Rose,Engine,na,Maths,Christmas,Sweet Caroline,Dancing,Football,Waltz,Levi's,Lily,Thames,Hoovering,Harry Potter,Empire State,Star Wars,Euro,Sink,Police officer,Flowers,Hotdog,Labrador,Drinking
5b76febccee87f0001f989ac,28,Female,White,uk,uk,uk,English,within,2,younger,,Greece,mini,Sunny,Hitler,Galaxy,spain,Labour,Beer,2020,Bee,London,Swim,Running,Chat,25-Dec,Netflix,Daily Mail,10,Everest,Minecraft,Tesco,Cristiano Ronaldo,Jumper,Kenya,Ed Sheeran,Eiffel Tower,Cactus,Sand,Rose,Engine,na,Science,Christmas,Bad Habits,Dancing,Football,Ballroom,Levi's,Emily,Thames,Hoovering,Harry Potter,Shard,Saw,Euro,Bath,Police officer,Plants,Hotdog,Cockapoo,Dancing
5b7bf6c98c721a00015d1feb,62,Male,White,uk,uk,uk,English,within,1,older,,uk,ford,rain,winston churchill,cadbury,spain,labour,beer,2000,bee,london,swim,jog,Reader's Digest ,25-Dec,bbc 1,daily mail,7,everest,pac man,tesco,harry kane,socks,Nigeria,queen,stonehenge,bamboo,sand,rose,wheel,na,maths,birthday,happy birthday,drink,football,tap,levi,Emma,thames,washing up,bible,shard,Star Wars,euro,bath,nurse,lawn,hot dog,labrador,drink
5b7bf6c98c721a00015d1feb,62,Male,White,uk,uk,uk,English,between,2,older,,france,honda,rain,queen,Cadbury,spain,labour,Rum and Cokes,2000,bee,london,sunbathe,jog,gq,25-Dec,netflix,sun,20,everest,Halo,tesco,harry kane,t shirt,morocco,queen,nelson's column,bamboo,sand,rose,wheel,na,maths,birthday,happy birthday,drink,football,Ballroom,Nike,emma,thames,making bed,bible,shard,Avatar,france,bath,nurse,seat,hot dog,labrador,drink
5bba872c26ada60001e395e3,25,Male,White,uk,uk,uk,English,between,1,younger,,france,ford,Rain,Churchill,Cadburys,Turkey,Labour,Vodka,1966,Ant,London,Sunbathe,Running,Time,08-Sep,BBC1,The Telegraph,9,Everest,Minecraft,Sainsburys,Cristiano Ronaldo,Jeans,Kenya,Queen,Stonehedge,Peace lily ,Sand,Rose,Engine,na,History,Christmas,We are the champions,Drinking alcohol ,Football,Waltz,Ralph Lauren,Olivia,Thames,Washing,1984,The Shard,Django Unchained,Euro,Soap,Teacher,Grass,Kebab,Frenchie,Dance
5bba872c26ada60001e395e3,25,Male,White,uk,uk,uk,English,within,2,younger,,france,Seat Ibiza,Sun,Churchill,Galaxy,spain,Labour,Pornstar martini ,1997,Ant,London,Watersports,Gym,Vogue,08-Sep,Netflix,The Guardian,4,Everest,Call of Duty Modern Warfare II,Aldi,Messi,Jumper,South Africa,Swedish House Mafia,Big Ben,Peace Lilly,Sand,Sunflower,Engine,na,English,Birthday,Killer Queen,Drinking,Football,Orange Justice,Adidas,Charlotte,Thames,Washing up,1984,Whitehall,Avatar ,Euro,Toilet,Lawyer,Grass,Kebab,Pug,Drink alcohol 
5bbf31958d691100016f17ec,32,Female,White,uk,uk,uk,English,within,1,younger,,france,ford,Rain,Martin Luther King,Cadbury's,spain,Labour,Gin and tonic,2001,fly,New York,Swim,Running,Vogue,25-Dec,Netflix,The Sun,20,Mount Everest,Call of Duty,Tesco,David Beckham,Hat,South Africa,Ed Sheeran,Eiffel Tower,Succulent,Shells,Rose,Engine,na,Maths,Birthday,Happy Birthday,Dancing,Football,Tap,Nike,Amy,Thames,Ironing,Harry Potter,Empire State Building,Titanic,Euro,Toothbrush,Doctor,Flowers,Candy floss,Dalmatian,Dance
5bbf31958d691100016f17ec,32,Female,White,uk,uk,uk,English,between,2,younger,,france,bmw,Rain,Henry VIII,Cadbury's,spain,Labour,Wine,1982,fly,Paris,Sunbathe,Walking,Vogue,25-Dec,BBC1,Daily Mail,20,Mount Everest,Super mario,Tesco,David Beckham,Jumper,South Africa,The Beatles,Eiffel Tower,Cactus,Shells,Rose,Engine,na,Maths,Birthday,Happy Birthday,Dancing,Football,Tango,Marks and Spencers,Sarah,Thames,Ironing,Pride and Prejudice,Empire State Building,Titanic,Euro,Toothbrush,Doctor,Flowers,Hot dog,Cocker spaniel,Drink
5c2df4d62c952400019416aa,31,Female,White,germany,uk,uk,English,between,1,younger,,france,ford,rain,Churchill,Cadbury,spain,Conservative,beer,1980,spider,london,sunbathe,running,hello,25-Dec,bbc 1,daily mail,one,kilimanjaro,solitaire,tesco,david beckham,t-shirt,south africa,david bowie,taj mahal,cactus,sand,rose,engine,na,english,birthday,happy birthday,dance,football,salsa,adidas,jane,nile,hoovering,the bible,empire state building,green mile,euro,toilet,doctor,grass,burger,labrador,dance
5c2df4d62c952400019416aa,31,Female,White,germany,uk,uk,English,within,2,younger,,france,bmw,sunshine,nelson mandela,cadbury,spain,labour,beer,1990,spider,paris,explore,the gym,nme,25-Dec,netflix,metro,one,kilimanjaro,grand theft auto,tesco,andy murray,dress,south africa,justin bieber,taj mahal,cheese plant,sand,peony,steering wheel,na,maths,birthday,dont stop believing,drink,football,ymca,aso,sophie,nile,hoovering,harry potter,empire state building,elf,euros,toilet,doctor,grass,sausage roll,cockapoo,drink
5c5d76b4c378220001e5f2f5,65,Female,White,uk,uk,uk,English,within,1,older,,france,ford,snow,winston churchill,flake,spain,labour,beer,2022,ant,london,swim,jogging,radio times,25-Dec,BBC1,express,20,everest,call of duty,tesco,harry kane,jumper,senegal,beatles,nelsons column,yucca,sand,rose,engine,na,maths,wedding,jingle bells,drinking,football,twist,jack jones,elizabeth,thames,washing up,the bible,tower of london,star wars,france,soap,teacher,plants,kebab,labrador,dance
5c5d76b4c378220001e5f2f5,65,Female,White,uk,uk,uk,English,between,2,older,,france,tesla,snow,winston churchill,snickers,italy,labour,beer,2022,ant,paris,sunbathe,crossfit,hello,25-Dec,netflix,express,2,everest,call of duty,sainsburys,phil foden,shoes,egypt,harry styles,eiffel tower,spider,sand,rose,steering wheel,na,english,party,happy birthday,drinking,football,waltz,armani,olivia,thames,cleaning,wuthering heights,empire state,spiderman,france,bath,banker,grass,chips,cockapoo,drink
5c61b5da31489a0001fa81c5,57,Female,White,uk,uk,uk,English,between,1,older,,france,audi,snow,hitler,dairy milk,spain,labour,beer,1980,fly,london,swim,dance,dazed,01-Jan,netflix,guardian,7,everest,pokemon go,tesco,messi,hoodie,nigeria,sza,eiffel tower,cactus,shell,rose,engine,na,maths,birthday,last christmas,drinking,football,waltz,nike,olivia,thames,washing up,harry potter,tower of london,star wars,euro,bath,teacher,grass,kebab,labrador,pub
5c61b5da31489a0001fa81c5,57,Female,White,uk,uk,uk,English,within,2,older,,france,audi,snow,hitler,dairy milk,spain,labour,lager,2000,bee,london,relax,run,i-d,01-Jan,netflix,guardian,6,everest,zelda,tesco,messi,coat,nigeria,david bowie,eiffel tower,cactus,shell,rose,engine,na,maths,birthday,plastic love,dancing,football,waltz,nike,sarah,thames,cleaning,wuthering heights,tower of london,jaws,euro,bath,teacher,lawn,kebab,chihuahua,cinema
5c6bfbfc4cd4200001687ebc,30,Female,White,uk,uk,uk,English,between,1,younger,,france,ford,Rain,Napoleon,Cadburys,spain,Labour,Beer,2022,Butterfly,London,Sunbathe,Running,Cosmo,13-Dec,BBC,The Guardian,1,Mount Everest,Super Mario,Tesco,David Beckham,Jumper,South Africa,The Rolling Stones,Eiffel Tower,Spider Plant,Shell,Rose,Wheel,na,Maths,Christmas,Happy Birthday,Dancing,Football,Swing,Levis,Anna,Thames,Washing Dishes,The Bible,The Shard,The godfather,Euros,Soap,Teacher,Flowers,Sandwich,Labrador,Drink
5c6bfbfc4cd4200001687ebc,30,Female,White,uk,uk,uk,English,within,2,younger,,france,ford,Sunny,Hitler,Cadburys,spain,Labour,Vodka Coke,2022,Bee,London,Sunbathe,Gym,Cosmo,13-Dec,Netflix,Daily Mail,1,Mount Everest,Call of Duty,Aldi,Andy Murray,Tshirt,South Africa,Ed Sheeran,Eiffel Tower,Aloe Vera,Sand,Daisy,Wheel,na,Maths,Christmas,All I want for Christmas is you,Drinking,Football,Twerking,Topshop,Michelle,Thames,Washing dishes,Harry Potter,Empire State Building,Harry Potter,Euros,Soap,Nurse,Flowers,Hot Dog,Labrador,Drink
5c9034a2eedbd9001573ca14,58,Male,White,uk,uk,uk,English,within,2,older,,england,bmw,sunny,Jesus,Cadbury,france,Conservative,wine,2022,bee,London,read,walking,Times,13-Dec,BBC1,Times,1,Everest,chess,Tesco,Lewis Hamilton,jumper,South Africa,Beatles,Buckingham Palace,yucka,sand,rose,engine,na,maths,birthday,National Anthem,sing happy birthday,Football,Disco,M & S,Sarah,Thames,Dust,Bible,Shard,Love Actually,Euro,Bath,Accountant,Flower,Buffet,Poodle,eat
5c9034a2eedbd9001573ca14,58,Male,White,uk,uk,uk,English,between,1,older,,england,tesla,snow,jesus,mars,Greece,labour,larger,2022,wasp,London,drink,gym,evening standard,13-Dec,bbc1,sun,1,everest,candy,tesco,Harry Sport,coat,Morrocco,Harry Styles,Tower of london,spider,sand,rose,engine,na,maths,birthday,happy birthday,drink,football,disco,barber,Anna,Thames,hover,bible,shard,Love Actually,Euro,bath,Nurse,flowers,chips,rottwhieller,Drink
5cbf1437f74bd50017aa1652,58,Female,White,uk,uk,uk,English,between,1,older,,england,ford,SUNNY,CHURCHILL,CADBURYS,spain,CONSERVATIVE,BEER,2020,BEE,LEEDS,SUNBATHE,JOGGING,VOGUE,25-Dec,NETFLIX,THE SUN,TEN,EVEREST,MARIO,ASDA,HARRY KANE,TROUSERS,KENYA,WESTLIFE,EFFIEL TOWER,SPIDER PLANT,SUN BED,ROSE,ENGINE,na,ENGLISH,BIRTHDAY,HAPPY BIRTHDAY,DRINKING,FOOTBALL,DISCO,ZARA,AMY,AIRE,CLEANING,HARRY POTTER,BANK,MORRISONS,EURO,TOILET,LAWYER,PLANTS,BURGER,ALSATION,DRINK
5cbf1437f74bd50017aa1652,58,Female,White,uk,uk,uk,English,within,2,older,,england,ford,SUNNY,CHURCHILL,CADBURYS,spain,CONSERVATIVE,BEER,2020,BEE,LONDON,RELAX,WALKING,GARDENING,25-Dec,NETFLIX,THE MIRROR,10,EVEREST,MARIO,ASDA,HARRY KANE,COAT,KENYA,CLIFF RICHARDS,EFFIEL TOWER,SPIDER PLANT,SHELLS,ROSE,ENGINE,na,MATHS,BIRTHDAY,HAPPY BIRTHDAY,DRINKING,FOOTBALL,JIVE,TU,LILY,THAMES,WASHING,HARRY POTTER,CHURCH,HARRY POTTER,EURO,MIRROR,ACCOUNTANT,PLANTS,BURGER,COLLIE,DRINK
5cc4509c2daae1001987e95b,30,Female,White,uk,uk,uk,English,within,1,younger,,france,ford,Rain,Hitler,Cadbury,spain,Labour,Beer,2022,Ant,London,Sunbathe,Running,Heat,14-Feb,BBC,The times,10,Everest,The Sims,Asda,Tyson Fury,Hat,Nigeria,Adele,Statue of liberty,Cactus,sand,daisy,engine,na,science,birthday,uptown funk,dancing,football,cha cha slide,nike,lucy,thames,cleaning,harry potter and the chamber of secrets,empire state building,shawshank redemption,euro,toilet,doctor,grass,fast food,labrador,drink alcohol
5cc4509c2daae1001987e95b,30,Female,White,uk,uk,uk,English,between,2,younger,,france,ford,rain,hitler,cadburys,spain,labour,wine,2020,ant,london,sunbathe,running,heat,25-Dec,bbc,the guardian,10,everest,worms,tesco,usain bolt,hat,ghana,elton john,statue of liberty,cactus,sand,daisy,engine,na,maths,birthday,i will always love you,dancing,football,waltz,nike,susie,thames,cleaning,to kill a mockingbird,empire state building,james bond,euro,toilet,doctor,grass,fast food,labrador,dance
5cc53cf3291607001757c712,59,Male,White,uk,uk,uk,English,within,1,older,,france,bmw,Rain,Queen Elizabeth II,Mars bar,spain,Conservatives,Gin and Tonic,2000,Ant,London,Swim,Running,Vogue,05-Nov,BBC,The Times,69,everest,Doom,Tesco,Johnny Wilkinson,T Shirt,Libya,The Doors,Nelson's Column,Cheese Plant,Sand,Poppy,Bumper,na,Maths,Xmas,Bohemian Rhapsody,Drinking,Rugby,Jitterbug,Levis,Mary,Thames,Ironing,The Bible,The Shard,Where Eagles Dare,Dollar,Soap,Lawyer,Grass,Burger,Shnauzer,Get drunk
5cc53cf3291607001757c712,59,Male,White,uk,uk,uk,English,between,2,older,,germany,tesla,Rain,Napolean,Twix,spain,Conservatives,Jeager bomb,2000,Ant,London,Party,Gym,Gadget,25-Dec,BBC,The Sun,69,Everest,Quake,Tesco,Lewis Hamilton,Jeans,Ghana,Ed Scheran,The Shard,Cactus,Sand,Rose,Bonnet,na,Maths,Birthday,All I want for Xmas is you,Dancing,Football,The mashed potato,Next,Mia,Thames,Hoovering,The Bible,The Shard,Titanic,Dollar,Toothbrush,Software Engineer,Grass,Sushi,Pug,Drink
5cc8a040cd6a7c00173b7012,56,Male,White,uk,uk,uk,English,within,1,older,,france,bmw,sunny,winston chirchill,cadbury,usa,labour,larger,1960,bee,paris,swim,running,hello,07-Dec,netflix,the sun,two,ben navis,tomb raider,tesco,bruno,jeans,amazon,dire staits,towerof london,spider plant,sand,peoneis,wheel,na,history,birthday,happy birthday,dancing,football,latin,levis,mary,thames,dishes,bible,house,rocky,euro,tooth brush,builder,flowers,sandwich,labrador,drink
5cc8a040cd6a7c00173b7012,56,Male,White,uk,uk,uk,English,between,2,older,,france,bmw,sunny,mandala,cadbury,usa,labour,larger,1990,fly,paris,sight see,gym,hello,Oct-66,netflix,telegraph,10,kilamangoro,gta,tesco,freddy flintoff,jeans,amazon,cold play,mount averrest,orced,lounger,rose,engine,na,english,Christmas,helaloay,dancing,rugby,disco,boss,rose,thames,cleaning,bible,umpire state,matrix,euro,shower,programer,flowers,sandwich,labrador,dance
5ccc76bbc7508d0017d35954,34,Female,White,uk,uk,uk,English,within,1,younger,,france,Ferrari,Snow,Churchill,Yorkie,Portugal,Labour,Martini,2020,Fly,London,Drink,Training,Vogue,25-Dec,BBC Iplayer,The Times,30,Everest,Call of Duty,Tescos,Gary Linekar,Shirt,Nigeria,Guns n Roses,Stonehenge,Cactus,Towel,Lily,Engine,na,Maths,Birthdya,Auld Lang Syne,Drink,Football,Twerking,Very,Sarah,Thames,Cleaning,Harry Potter,Empire State,Die Hard,Euro,Bath,Doctor,Grass,Tacos,Pitbull,Drink
5ccc76bbc7508d0017d35954,34,Female,White,uk,uk,uk,English,between,2,younger,,france,ford,Sunshine,Winston Churchill,Cadbury,spain,Conservative,Beer,1999,Ant,London,Sunbathe,Rambling/Walking,Vogue,05-Nov,BBC One,Daily Mail,3000,Everest,Pacman,Sainsburys,Gary Lineaker,Jumper,Nigeria,Abba,Hadrian's Wall,Croton,Sand,Rose,Clutch,na,English,Birthday,God Save the Queen,Singing,Tennis,Tango,M&S,Lily,Severn,Hoovering,Crime and Punishment,Empire State,The Godfather,Euro,Toilet,Lawyer,Flowers,Burger,Cocker Spaniel,Have a drink
5cf619f126815f0016154537,64,Male,White,uk,uk,uk,English,within,1,older,,france,ford,snow,Charles Dickens,Cadbury,Wales,Labour,Beer,1958,Ant,London,Sun bathe,Running,What Car,23-Nov,Amazon,the times,6,Ben Nevis,Tomb raider,ASDA,Daly Thompson,Shirt,Chad,Pink Floyd,The Angel Of The North,Christmas Cactus,Shell,Crocus,Steering wheal,na,Maths,Christmas,Climb Every Mountain,Dancing,Football,Salsa,Fat Face,Angela,Tees,Dusting,The Hobbit,House of commons,Kes,Euro,Loofer,Programmer,Tree,Pasty,Pug,Go to a Disco
5cf619f126815f0016154537,64,Male,White,uk,uk,uk,English,between,2,older,,Italy,nissan,Snow,Margaret Thatcher,Whispa,Greece,Green,yage bomb,1966,Bee,London,Swim,Swimming,NME,25-Dec,NETFLIX,Mirror,100,Everest,Horizon Zero Dawn,ASDA,Usain Bolt,Trousers,Niger,Rita Ora,London Eye,Cactus,Shell,Daffodil,Head Light,na,Maths,Christmas,Skyfall,Drinking,Football,Flossing,Fat Face,Susan,Thames,Making the bed,Harry Potter,Town Hall,Gradians of the galaxy,Euro,Tooth brush,Delivery Driver,Cabbage,Taco,Pit Bull,Dance
5d495eaa8da77b00165d89e6,61,Female,White,uk,uk,uk,English,between,1,older,,france,ford,rain,Nelson Mandela,Cadbury,spain,Labour party,Beer,2000,Fly,London,sunbathing,running,OK,25-Dec,BBC,Guardian,20,Everest,Minecraft,Asda,Marcus Rashford,Coat,Rwanda,Harry Styles,Trafalgar Square,Spider Plant,sand,Rose,Steering wheel,na,Maths,Birthday,Sweet Caroline,Drinking,football,waltz,GAP,Emma,Thames,washing up,Harry Potter,Tower of London,Avengers,dollar,shower,chef,barbecue,hot dog,Pug,dancing 
5d495eaa8da77b00165d89e6,61,Female,White,uk,uk,uk,English,within,2,older,,germany,ford,snow,Winston Churchill,Galaxy ,spain,Conservative,Wine,1945,spider,London,sightseeing,aerobics,Hello,25-Dec,BBC,Daily Mail,10,Everest,Tetris,Waitrose,Harry Kane,Dress,Rwanda,Beatles,White cliffs of Dover,Peace Lily,shells,rose,engine,na,Mathematics ,wedding,Happy Birthday,dancing,football ,waltz,Next ,Lisa,Thames,ironing,David Copperfield,Houses of Parliament ,Sound of Music,Dollar,bath,nurse,flowers,ice cream,labrador,cinema
5d4c06c6a8d9fb001a1470d5,35,Female,White,uk,uk,uk,English,within,1,younger,,france,bmw,Rain,Henry VIII,Cadbury,spain,Conservatives,Vodka and Coke,2020,Bee,London,Sunbathe,Gym,Hello,25-Dec,Netflix,The Sun,10,Fiji,Fortnite,ASDA,Jack Grealish,Jumper,South Africa,Ed Sheeran,Eiffel Tower,Rose,Sea Shell,Daisy,Engine,na,Maths,Christmas,Bad Habbits,Dancing,Football,Macarena,Nike,Amelia,Thames,Washing,Harry Potter,Buckingham Palace,Matilda,Euros,Toilet Roll,Receptionist,Plants,Hot Dog,Pit Bull,Drink Alcohol
5d4c06c6a8d9fb001a1470d5,35,Female,White,uk,uk,uk,English,between,2,younger,,Belgium,ford,Sunshine,Florence Nightingale,Marathon,Tenerife,Liberal Democrats,Lager,16-Apr,Centipede,Manchester,Drink Alcohol,Pilates,Hello,16-Apr,Netflix,Daily Mirror,50,Everest,Super Mario Brothers,Sainsburys,Andy Murray,Jacket,Egypt,Little Mix,Eiffel Tower,Cactus,Jellyfish,Rose,Engine,na,English,Christmas,Power Of Love,Dancing,Football,Macarena,Nike,Olivia,Thames,Ironing,Great Gatsby,Buckingham Palace,Love Actually,Euro,Toothbrush,Lawyer,Trees,Hot Dog,Terrier,Drink Alcohol
5d53ece21e9091000105526a,28,Female,Mixed,uk,uk,uk,English,within,2,younger,,germany,tesla,Rain,Martin Luther King,Cadburys,Italy,Labour,Beer,2022,Spider,London,Sunbathe,Running,Hello,01-Jan,BBC,The Guardian,100,Himalayas,Call of Duty,Tesco,Marcus Rashford,Top,South Africa,Taylor Swift,Big Ben,Monstera,Sand,Rose,Engine,na,English,Birthday,Bad Guy,Dancing,Football,Macarena ,Zara,Olivia,Thames,Vacuuming,The Bible,Buckingham Palace,Inception,Euros,Soap,Teacher,Grass,Ice cream,Greyhound,Dance
5d53ece21e9091000105526a,28,Female,Mixed,uk,uk,uk,English,between,1,younger,,france,ford,Rain,Winston Churchill,Cadburys,spain,Labour,Beer,2022,Spider,London,Sunbathe,Running,Hello,01-Jan,BBC,The Daily Mail,100,Himalayas,Pacman,Tesco,Jack Grealish,Top,South Africa,Queen,Big Ben,Cheese plant,Sand,Rose,Engine,na,Maths,Birthday,Happy Birthday,Drinking,Football,The Robot,GAP,Sarah,Thames,Ironing,Bible,Buckingham Palace,Citizen Kane,Euros,Soap,Doctor,Grass,Ice cream,Labrador,Dance
5de291b6676a6d2c60fa16e1,30,Male,White,uk,uk,uk,English,within,1,younger,,france,ford,Rain,Marie Curie,Cadbury,spain,Labour,Beer,2001,Ant,London,Ski,Running,Playboy,15-Jan,Netflix,The sun,10,Everest,Halo,Morrisons,Ronaldo,T Shirt,Morroco,Queen,Stone Henge,Orchid,Sand,Rose,Wheel,na,Maths,Cheering,Another one bites the dust,Dancing,Football,Macarena,Lacoste,Amy,Thames,Hoovering,Lord of the rings,The gherkin,Iron Man,Euro,Toilet,Policeman,Grass,Hotdog,Cockapoo,Drink
5de291b6676a6d2c60fa16e1,30,Male,White,uk,uk,uk,English,between,2,younger,,france,ford,Rain,Winston Churchill,Cadbury,spain,Tory,Beer,1965,Spider,London,Drink,Running,Playboy,09-Nov,BBC,The sun,10,Everest,Minecraft,Tesco,Roger Federer,Trousers,Kenya,Queen,Buckingham Palace,Orchid,Shells,Rose,Door,na,Maths,Cheering,We Will rock you,Dancing,Football,Macarena,North face,Amy,Thames,Hoovering,Lord of the rings,Buckingham Palace,Lord of the rings,Euro,Toilet,Policeman,Flowers,Hot dog,German Shepherd,Drink
5e076921dc85350e8bd07ede,31,Female,Mixed,uk,uk,uk,English,between,1,younger,,france,ford,Rainy,Winston Churchill,Dairy Milk,spain,Labour,Beer,2000,Spider,London,Sunbathe,Gym,Time,25-Dec,BBC One,The Guardian,30,Ben Nevis,Pac Man,Tesco,David Beckham,Shirt,Cameroon,Elvis,Big Ben,Orchid,Sand,Rose,Engine,na,Maths,Birthday,Hey Jude,Eating cake,Football,Jive,YSL,Elizabeth,Thames,Hoovering,Harry Potter,Shard,Shawshank Redemption,Dollar,Toilet,Doctor,Weeds,Ice cream,Lab,Get drunk
5e076921dc85350e8bd07ede,31,Female,Mixed,uk,uk,uk,English,within,2,younger,,france,audi,Sunny,Princess Diana,Galaxy,Thailand,Labour,Gin,2002,Spider,London,Sunbathe,Spin,Hello,25-Dec,Netflix,Independent,20,Kilamanjaro,Minecraft,Asda,Harry Kane,Jumper,Ghana,Beyonce,Eiffel Tower,Orchid,Rubbish,Lily,Engine,na,Art,Birthday,Umbrella,Get drunk,Football,Break,Nike,Olivia,Nile,Hoovering,Harry Potter,Louvre,Avatar,Euro,Shower,Doctor,Shed,Ice cream,Pug,Get drunk
5e2ee2dd7916f04a5362c88d,57,Female,White,uk,uk,uk,English,within,1,older,,germany,bmw,Stormy,Lord Nelson,Cadbury,spain,Labour,Wine,1983,Bee,Watford,Swim,Running,Good Food,28-Jun,Netflix,Daily Mail,40,Mount Everest,Spyro,Lidl,Emma Raducanu,Dress,Zimbabwe,Queen,Tower Bridge,Monstera,Shell,Rose,Wheel,na,English,Birthday,Money Money Money,Drinking,Football,Disco,Phase Eight,Sylvia,River Thames,Hoovering,Viscount Down,The Shard,pirates of the caribeen,Dollar,Basin,Doctor,Shed,Pizza,Staffe,Dinner
5e2ee2dd7916f04a5362c88d,57,Female,White,uk,uk,uk,English,between,2,older,,spain,Porsche,Sunny,Charles Darwin,Cadbury,spain,Labour,Wine,2021,Bee,London,Sun bathe,Running,Radio Times,28-Jun,Netflix,The Sun,40,Mount Everest,Spyro,Tesco,Tiger Woods,Dress,South Africa,Queen ,London Bridge,Peace Lily,Shell,Rose,Wheel,na,Maths,Birthday,Waterloo,Drinking,Football,Disco,Phase Eight,Sylvia,Thames River,Hoovering,Viscount Down,The Shard,Troll,Dollar,Bath,Doctor,Shed,Pizza,Staffe,Dancing
5e529025f1ecb42a44a8eac4,31,Female,White,uk,uk,uk,English,between,1,younger,,england,bmw,Rain,Winston Churchill,Cadbury,spain,Conservatives,Beer,2020,Spider,London,Sightseeing,Running,Country Living,13-Dec,BBC,The Times,18,Mont Blanc,Call of Duty,Tesco,David Beckham,Trousers,South Africa,The Beatles,Statue of Liberty,Orchid,Sand,Rose,Engine,na,History,Christmas,Hey Jude,Drink,Football,Ballroom,Joules,Holly,Thames,Vacuuming,The Hobbit,Chrysler Building,Elf,Euros,Toilet,Banker,Flowers,Hot Dog,Spaniel,Go for dinner
5e529025f1ecb42a44a8eac4,31,Female,White,uk,uk,uk,English,within,2,younger,,france,Renault,Sun,Martin Luther King,Cadburys,Croatia,Labour,Gin and Tonic,2022,Spider,New York,Sunbathe,Hit Workout,Vogue,25-Dec,Netflix,The Sun,100,Kilamanjaro,Call of Duty,Aldi,Lewis Hamilton,T-shirt,South Africa,Lizzo,London Eye,Cheese Plant,Sand,Orchid,Engine,na,Geography,Christmas,Mr Brightside,Drinking,FOotball,Samba,Victoria Beckham,Evie,Thames,Cleaning,Harry Potter,Gherkin,The Avengers,Euros,Bath,Influencer,Grass,Burger,Pug,Dance
5e64fc338ebdaf26e332aec0,27,Male,White,uk,uk,uk,English,within,1,younger,,uk,bmw,Rain,winston churchill,cadbury milk,france,labour ,beer,1995,ant,London,sightsee ,exercise ,top gear,25-Dec,Itv ,Sun,10,Ben Nevis ,call of duty,Lidl ,Lewis Hamilton,T shirt ,egypt,The Prodigy,Stonehenge ,Bonsai,Sand,Sun flower,door,na,Maths,Christmas,Feel good,dance,car racing ,street ,fat face,Trixie ,thames ,washing up,lord of the rings,buckingham palace ,the great escape ,euro ,soap,mechanic ,plants ,noodles ,Jack Russell  ,dance
5e64fc338ebdaf26e332aec0,27,Male,White,uk,uk,uk,English,between,2,younger,,germany ,ford,Snow,maire curie ,fry's ,spain,labour ,lagar ,1957,fly,truro ,swim,running,hello,03-Jan,BBC,Daily Mail,27,Everest ,Super Mario ,Tesco,george best,hat,Libya,Genesis,Lands End,Spider plant ,shell ,sun flower,steering wheel,na,art,Birthday,stairway to heaven ,games,football,tango ,gucci ,susan ,severne ,hovering ,war of the worlds ,tower of London ,top gun,doller ,toilet roll ,doctor ,trees ,pizza ,Jack Russell,get drunk 
5ea01c7e792cdc00099748d6,56,Female,White,uk,uk,uk,English,between,1,older,,england,bmw,rain,Queen Elizabeth II,cadburys,spain,Labour,lager,2022,fly,London,swim ,gym,Vogue,13-Dec,BBC,Sun,1,Everest,GTA,Tesco,Harry kane,trousers,Morocco,Ed Sheeran,London Eye,spider plant,shell,rose,wheel,na,maths,birthday,Jingle Bells,drinking,football,hip-hop,GAP,Amelia,Thames,washing up,Bible,hospital,Batman,euro,bath,police,grass,kebab,poodle,drink
5ea01c7e792cdc00099748d6,56,Female,White,uk,uk,uk,English,within,2,older,,france,ford,rain,QEII,cadburys,spain,Conservative,wine,2022,bee,London,swim,walking,Country Life,13-Dec,BBC,Daily Mail,7,Everest,Super mario,Tesco,Harry kane,jumper,South Africa,Beatles,Stonehenge,spider,shell,rose,steering wheel,na,maths,birthday,Last Xmas,talking,football,waltz,M&S,Olivia,Thames,washing up,Bible,hospital,It's a Wonderful Life,euro,bath,nurse,grass,chips,corgi,drink
5ea01e6a6eca87021e1db147,65,Male,White,Peru,uk,uk,English,between,1,older,,france,mini,Sunny,Nelson,Mars,spain,Labour,Lager,1966,Spider,London,Swimming,Running,GQ,25-Dec,BBC,Sun,100,Everest,CALL OF Duty,Asda,Ronaldo,Shirt,Nigeria,ColdPlay,Lands End,Rubber,Shells,Rose,Engine,na,English,Birthday,White Christmas,Drink lots,Football,Tango,H&M,Laura,Thames,Washing Up,Bible,Houses of Parliment,Mary Poppins,Dollar,Soap,Doctor,Grass,Burger,Terrier,Drink a lot
5ea01e6a6eca87021e1db147,65,Male,White,Peru,uk,uk,English,within,2,older,,france,mini,Sunny,Nelson,Mars,france,Labour,Gin,1966,Spider,London,Go swimming,Go to the gym,Radio Times,25-Dec,Netflix,Daily Mail,100,Everest,Nintendo,Tesco,Ben Stokes,trousers,egypt,the beatles,Tower of London,Rubber,Towel,daisy,Door,na,Maths,Birthday,Happy Birthday,Enjoy yourself,Football,Twist,M&S,Shirley,Thames,Hoovering Up,Bible,Houses of Parliment,Casino Royale,US Dollar,Sponge,Solicitor,Flowers,Cheese,Alsatian,Enjoy Themselves
5ea031f7e044e104a205f65b,60,Male,White,uk,uk,uk,English,within,2,older,,france,ford,Snow,Churchill,Cadburys,spain,Conservative,Wine,2022,Bee,London,Sumbathe,Walking,Vogue,25-Dec,BBC,Times,1,Everest,Candy Crush,Tesco,Harry Kane,Coat,Kenya,Elton John,Tower Bridge,Cheeseplant,Shell,Rose,Engine,na,Maths,Wedding,Jingle Bells,Drinking,Football,Waltz,M&S,Mary,Thames,Ironing,bible,Big Ben,James Bond,Dollar,Soap,Doctor,Grass,Chips,collie,Drinking
5ea031f7e044e104a205f65b,60,Male,White,uk,uk,uk,English,between,1,older,,france,ford,Rain,Jesus,Cadburys,spain,Labour,Beer,2022,Bee,London,Sunbathe,Running,Vogue,01-Jan,Netflix,Times,1,Everest,Call of duty,Tesco,Harry Kane,Shirt,Kenya,Adele,Big Ben,Cheeseplant,Shell,Rose,Wheel,na,English,Birthday,Merry Christmas,Dancing,Football,Waltz,Levis,Lily,Thames,Dusting,Bible,Houses of Parliament,Star Wars,Dollar,Towel,Doctor,Flowers,Ice cream,Labrador,Dance
5ea15f2e173fb7000932a6ff,64,Male,White,uk,uk,uk,English,between,1,older,,france,bmw,cold,churchill,cadburys,spain,labour,lager,2021,ant,london,sunbath,running,hello,25-Dec,netflix,dailymail,10,everest,call of duty,tesco,kane,jacket,nigeria,coldplay,eiffel tower,rose,shell,tulip,steering wheel,na,maths,birthday,how much is your love,drinking,football,disco,timberland,jane,thames,hoovering,wind in the willows,shard tower,where eagles dare,euro,toilet roll,teacher,grass,kebab,labrador,drink
5ea15f2e173fb7000932a6ff,64,Male,White,uk,uk,uk,English,within,2,older,,spain,ford,cloudy,churchill,cadburys,spain,conservative,beer,2022,ant,london,sunbath,walking,whatcar,31-Dec,bbc,dailyexpress,20,everest,nintendo,tesco,andy murray,coat,south africa,fleetward mac,eiffel tower,lilly,shell,rose,wheel,na,english,birthday,how deep is your love,drinking,cricket,waltz,lacoste,ann,thames,dusting,wind in  the willows,empire state building,where eagles dare,euro,toothbrush,accountant,shed,kebab,labrador,Drink
5ea18fee43087803c739ccef,64,Female,White,uk,uk,uk,English,within,1,older,,france,ford,winter,churchill,cadburys,spain,conservative,wine,2023,ant,london,sightsee,running,yours,25-Dec,itv,mail,100,everest,super mario,tesco,ronaldo,jumper,siera leone,beatles,eiffel tower,Lily,sand,rose,door,na,science,birthday,happy birthday,games,football,samba,next,susan,thames,washing up,the Bible,tower of london,matilda,euro,bath,teacher,flowers,party food,labrador,dance
5ea18fee43087803c739ccef,64,Female,White,uk,uk,uk,English,between,2,older,,spain,fiesta,rain,nelson mandela,galaxy,spain,labour,coktail,2022,bee,london,sunbathe,gym,womans own,25-Dec,nbetflix,mail,100,alps,super mario,asda,gareth southgate,dress,rowanda,queen,buckingham palace,cactus,shells,rose,wheel,na,english,birthday,waterloo,drinking,football,twist,tu,sophie,thames,washing up,the spare,tower of london,spiderman,euro,shower,teacher,grass,pizza,alsatian,drink
5ea6b99069cae103f46a06cf,28,Female,White,uk,uk,uk,English,within,1,younger,,germany,peugeot,rain,William shakespeare,cadburys,spain,labour,wine,2022,ladybird,nottingham,swim,jogging,hello,13-Dec,Netflix,daily mail,10,Ben Nevis,the sims,Morrisons,Jessica ennis hill,top,Gambon,n dubs,no idea,peace lily,sand,rose,engine,na,geography,birthday,sclub party,drinking,football,Macarena,gucci,Amy,river Trent,dusting,love lessons,Eiffel Tower,the notebook,euros,toilet,carer,plants,hot dog,labrador,dance
5ea6b99069cae103f46a06cf,28,Female,White,uk,uk,uk,English,between,2,younger,,russia,volvo,snow,hitler,cadburys,spain,labour,beer,2022,ant,nottingham,sunbathe,walking,now,13-Dec,bbc 1,the sun,10,Ben Nevis,xbox,Morrisons,paula Radcliffe,trousers,nigeria,steps,?,aloe vera,shells,tulips,engine,na,maths,birthday ,the wheels on the bus,dancing,football,jive,new look,Amy,river Trent,dusting,dictionary ,Eiffel Tower,the notebook,euros,toilet,chef,grass,hot dogs,labrador,dance
5ea87946e363ce2b126ad459,31,Female,Asian,uk,uk,uk,English,within,1,younger,,france,ford,Snowy,Martin Luther King,Snickers,spain,Conservatives,Beer,2022,Spider,London,Sunbathe,Running,Hello!,25-Dec,BBC,The Times,10,Mount Everest,The Sims,Tesco,Cristiano Ronaldo,Jumper,Kenya,Coldplay,Eiffel tower,Spider Plant,Towel,Sunflower,Bumper,na,Maths,Birthday,Happy Birthday,Drinking,Football,Electric slide,North Face,Sophia,Thames,dusting,bible,buckingham palace,Die hard,US dollar,bath mat,police officer,grass,sandwich,labrador,dance
5ea87946e363ce2b126ad459,31,Female,Asian,uk,uk,uk,English,between,2,younger,,france,ford,Sunshine,Winston Churchill,Mars,spain,Labour,Wine,1960,Beetle,London,Snorkel,walking,New Scientist,24-Dec,BBC,DAILY TELEGRAPH,10,EVEREST,FIFA,TESCO,BOBBY MOORE,JUMPER,KENYA,THE BEATLES,BUCKINGHAM PALACE,CHEESEPLANT,SAND,ROSE,ENGINE,na,ENGLISH LANGUAGE,BIRTHDAY,HAPPY BIRTHDAY,DRINKING,FOOTBALL,LINE DANCE,GAP,SOPHIE,THE NILE,MOPPING,SHINDLERS LIST,EIFFEL TOWER,TITANIC,US DOLLAR,BATH,POLICE OFFICER,BENCH,APPLE,POODLE,DANCE
5f0c5137e7c978062f4356fc,64,Male,White,uk,uk,uk,English,between,1,older,,england,ford,Sunny,Churchill,cadburys,spain,labour,lager,2022,ant,london,sunbathe,exercise,chat,Apr-22,netflix,sun,10,everest,call of duty,asda,kane,shirt,morroco,arctic monkeys,angel of the north,begonia,sand,rose,engine,na,science,birthday,happy birthday,drinking,football,jive,wrangler,sue,thames,washing up,bible,tower of london,red,euro,bath,teacher,grass,burger,labrador,drink
5f0c5137e7c978062f4356fc,64,Male,White,uk,uk,uk,English,within,2,older,,england,ford,sunny,churchill,cadburys,france,labour,lager,2022,ant,london,explore,swimming,country life,Apr-22,netflix,times,100,everest,fifa,asda,beckham,trousers,morroco,abba,Buckingham palace,lily,sand,rose,wheels,na,maths,wedding,happy birthday,dancing,football,tango,wrangler,susan,thames,washing up,bible,Buckingham palace,great escape,dollar,bath,teacher,grass,fish and chips,Alsatian,talk
5f594f553dcae718f15d0d57,28,Female,Asian,uk,uk,uk,English,within,1,younger,,france,volskwagen,Rain,Julius Caesar,Mars,Italy,Labour,Cocktail,2000,Ant,London,Sunbathe,Gym,Vogue,Dec-22,Netflix,The Guardian,1,Mount Everest,Pinball,Tesco,Harry Kane,Shirt,Morocco,Taylor Swift,Big Ben,Orchid,Shells,Rose,Engine,na,Maths,Christmas,Crazy in Love,Drinking,Football,Jive,Abercrombie,Emily,Thames,Cleaning,Harry Potter,Buckingham palace,Men in Black,Euros,Toilet,Teacher,Plants,Ice-cream ,Labrador,Dance
5f594f553dcae718f15d0d57,28,Female,Asian,uk,uk,uk,English,between,2,younger,,france,volskwagen,Sunshine,Tony Blair,Dairy Milk,spain,Labour,Cocktail,2022,Ladybird,Paris,Sunbathe,Running,Vogue,Dec-22,BBC,The Times,1,Mount Everest,Minesweeper,Sainsbury's,Gary Lineker,Coat,Nigeria,Take That,Eiffel Tower,Orchid,Shells,Rose,Bonnet,na,English,Christmas,Come Fly With Me,Dancing,Cricket,Jive,Joules,Tracy,Thames,Cooking,Great Expectations,Buckingham palace,It's a Wonderful Life,Dollars,Bleach,Lawyer,Plants,Mints,Corgi,Dance
5f5b2c8452a9212388fa88db,64,Female,Mixed,uk,uk,uk,English,within,1,older,,france,toyota,snow,napoleon,cadburys,greece,tory,beer,2022,ant,paris,swim,run,tatler,25-Dec,bbc ,sun,6,eiger,crash bandicoot,tesco,linford christie,jumper,tanzania,slade,lands end,fern,shell,aster,engine,na,english,christmas,merry xmas,drinking,running,waltz,tesco,julie,amazon,hoover,grand sophie,bank of england,shane,euro,sponge,doctor,tree,sandwich,lab,dance
5f5b2c8452a9212388fa88db,64,Female,Mixed,uk,uk,uk,English,between,2,older,,france,toyota,snow,hitler,snickers,france,labour,lager,1989,fly,paris,swim,run,tatler,25-Dec,bbc,times,3,snowdon,candy crush,tesco,ronaldo,jeans,egypt,the weeknd,john o groats,fern,sand,daffodil,engine,na,art,birthday,blinding lights,dance,running,lambada,h  & m,susan,thames,cleaning,1984,westminster,no time to die,dollars,sink,accountant,grass,noodles,doodle,watch a film
5f71d4f530efc0058ab5baa4,29,Male,White,uk,uk,uk,English,within,1,younger,,france,bmw,rain,the queen ,cadburys,spain,labour,beer,2021,spider,london,go to the beach ,running,hello,30-May,netflix,the sun ,4,everest ,gta,tesco ,lewis hamilton ,t-shirt,mumbia ,lady gaga ,big ben ,sunflower ,sand,sunflower ,wheel ,na,maths ,birthday ,bad romance ,cake ,f1,macarina ,underarmour ,lucy ,thames,washing up ,harry potter ,the sharde,avatar ,dollar ,toilet ,manager ,flowers,taco ,spainel ,drink 
5f71d4f530efc0058ab5baa4,29,Male,White,uk,uk,uk,English,between,2,younger,,italy ,ford,sun,churchill ,galaxy ,spain ,consertives ,wine ,2020,spider ,london ,eat dinner ,cycle ,tv times,01-Jan,netflix,daily mail ,50,tiedia ,solitaire ,asda,ronaldo ,socks,africa,the beetles ,london eye ,lily ,sea,daisy ,door,na,maths ,birthdays ,yellow brick road ,celebrations ,football,macarina,tu ,sally ,thames ,cleaning ,diary ,hospital ,avatar ,euro ,bath ,banker ,flowers ,apple ,lab,drink 
5fb2b8cdf350e792cc77bbe9,56,Female,White,uk,uk,uk,English,between,1,older,,france,volskwagen,Rain,Winston Churchill,Cadburys,Greece,Conservatives,Beer,2000,Bee,London,Go to the beach,Running,Cosmopolitan,01-Jan,Netflix,The Times,10,Mont Blance,Nintendo,Tesco,Harry Kane,Top,Nigeria,One Direction,Eiffel Tower,Rubber Plant,Sand,Daisy,Engine,na,Maths,New Year's Eve,The National Anthem,Drinking,Football,The Salsa,Calvin Klein,Chloe,The Thames,Cleaning,Pride and Prejudice,The Shard,Halloween,The Euro,Toothbrush,Doctor,Grass,Ice cream,Labrador,Dance
5fb2b8cdf350e792cc77bbe9,56,Female,White,uk,uk,uk,English,within,2,older,,france,volskwagen,Rain,Winston Churchill,Milk Tray,spain,Conservatives,Wine,2000,Ant,Paris,Sight see,Walking,Vogue,01-Jan,BBC,The Times,10,Snowdonia,Space Invaders,Tesco,Mohamed Ali,Shirt,Nigeria,Abba,The Eiffel Tower,Rubber Plant,Sunbeds,Rose,Dashboard,na,Maths,Wedding,National Anthem,Talking,Tennis,Ballroom,luis vuitton,Alice,Amazon,Hoovering,Pride and Prejudice,The Shard,Forest Gump,Dollar,Bath,Doctor,Flowers,Ice Cream,Retriever,Talk
5fc74458251f3e227721687f,27,Female,White,uk,uk,uk,English,within,1,younger,,uk,ford,sunny,henry viii,cadbury,greece,labour,beer,2010,spider,london,go swimming,running,ok,25-Dec,netflix,the times,50,everest,fifa,tesco,harry kane,jumper,kenya,ed sheeran,london eye,cactus,sand,rose,wheel,na,maths,birthday,jingle bells,dancing,football,jive,asos,jess,thames,washing up,bible,houses of parliament,top gun,euro,toothbrush,teacher,grass,sandwich,labrador,dance
5fc74458251f3e227721687f,27,Female,White,uk,uk,uk,English,between,2,younger,,france,volskwagen,rain,winston churchill,cadbury,canary island,labour,gin and tonic,1950,spider,london,read a book,walking,ok,25-Dec,bbc,guardian,18,everest,mario,tesco,ronaldo,jumper,kenya,madonna,buckingham palace,spider plant,sand,sunflower,wheel,na,maths,birthday,happy birthday,dancing,football,ballroom,nike,amy,thames,dishes,charles dickens,buckingham palace,harry potter,euro,toilet,teacher,plants,sandwich,labrador,dance
5fd7772607bd47085d6397ff,61,Male,White,uk,uk,uk,English,within,1,older,,england,ford,sunny,henry viii,mars,spain,conservative,beer,2022,spider,london,swim,running,cosmopolitan,13-Dec,bbc1,the times,8,everest,super mario,tesco,harry kane,shirt,kenya,the beatles,buckingham palace,cactus,pebble,rose,engine,na,english,birthday,merry christmas everybody,dancing,football,jive,hugo boss,susan,thames,ironing,the bible,buckingham palace,gone with the wind,france,soap,doctor,plant,ice cream,spaniel,drink
5fd7772607bd47085d6397ff,61,Male,White,uk,uk,uk,English,between,2,older,,spain,bmw,sunny,nelson mandela,mars,italy,labour,lager,2022,fly,london,sunbathe,going to the gym,esquire,13-Dec,netflix,mirror,10,ben nevis,call of duty,aldi,tiger woods,jeans,morocco,ed sheeran,nelsons column,lily,shell,rose,wheel,na,maths,birthday,do they know its christmas,drinking,football,break dancing,armani,susan,thames,cleaning,harry potter,big ben,bullet train,spain,toilet,doctor,plant,Kebab,pit bull,drink
5fd7b5c1b6d6ef043967330c,58,Male,White,uk,uk,uk,English,within,1,older,,france,ford,rain,Albert Einstein,Mars,spain,Labour,Beer,2022,Ant,London,Sunbathe,Running,Radio times,12-Dec,BBC 1,Daily Mail,12,Everest,Tetris,Asda,Ian Botham,Shirt,Ethiopia,Beatles,Tower of London,Yukka,Sand,Daffodil,Engine,na,English,Birthday,Angels,Dancing,Football,Waltz,Levis,Helen,Thames,Washing up,Bible,Albert Hall,Jaws,france,Toilet,Engineer,Snail,Pasta,Doberman,Eat
5fd7b5c1b6d6ef043967330c,58,Male,White,uk,uk,uk,English,between,2,older,,france,ford,Rain,Albert Einstein,Mars,spain,Labour,Beer,2022,Ant,London,Swim,Run,Hello,12-Dec,Netflix,Daily Mail,22,Everest,Call of Duty,Asda,Tyson Fury,Shirt,Ethipia,Oasis,Tower of London,Spider plant,Shell,Orchid,Engine,na,Maths,Birthday,Angels,Dancing,Football,Waltz,Levis,Melissa,Thames,Hoovering,Bible,Albert Hall,Star Wars,Yen,Toothbrush,Engineer,Grass,Pasta,Alsation,Eat
5fdf5df1a4d824782ad3e9e2,64,Female,White,uk,uk,uk,English,within,1,older,,france,Rolls Toyce,wet,Winston Churchill,Mars,spain,Conservative,Gin and tonic,2020,bee,Paris,sunbathe,jogging,Good housekeeping,25-Dec,BBC 1,The Times,100,Everest,patience,Tesco,Andy Murray,Coat,Kenya,The Beatles,Big Ben,Poinsettia,sand,Rose,wheels,na,English,Birthday,Happy Birthday,drinking,football,waltz,Marks and spencer,Karen,The Thames,cleaning the oven,Te bible,houses of parliament,Love Actually,franc,soap,policeman/woman,plants,vol au vents,labrador,go to the theatre
5fdf5df1a4d824782ad3e9e2,64,Female,White,uk,uk,uk,English,between,2,older,,ukraine,Ka,wet,Queen Elizabeth II,Green & Blacks,Dubai,Green,shots,2023,bee,London,go shopping,the gym,men's health,25-Dec,Amazon Prime,I,100,Everest,Minecraft,Waitrose,Harry Kane,trainers,Egypt,Lewis Capaldi,Statue of Liberty,poinsettia,sand,rose,steering wheel,na,media studies,birthday,All I want for Christmas is You,meet people,football,waltz,Nike,Kylie,The Thames,vacuuming,Harry Potter ,house,Avatar,US Dollar,shower,doctor,plants,fish and chips from the chippie,French bulldog,go clubbing
604b9da9b8382c606f144197,62,Female,White,uk,uk,uk,English,within,1,older,,france,ford,snow,winston churchill,cadburys dairy milk,spain,conservatives,gin and tonic,2022,spider,london,sun bath,running,hello,05-Nov,bbc,times,2,everest,mario,tesco,harry kane,jumper,morroco,adele,buckingham palace,rubber plant,sand,lilly,engine,na,english,birthday,happy birthday to you,dancing,football,cha cha cha,m&s,elizabeth,thames,cleaning,the bible,houses of parilament,a christmas carol,euro,toothbrush,secretary,flowers,ice lolly,staffordshire bull terrier,eat
604b9da9b8382c606f144197,62,Female,White,uk,uk,uk,English,between,2,older,,spain,bmw,snow,nelson mandella,mars bar,spain,labour,lager,2022,fly,london,sun bath,gym,hello,25-Dec,netflix,sun,2,everest,grand theft auto,tesco,harry kane,jumper,morroco,taylor swift,buckingham palace,rubber plant,umberella,rose,engine,na,english,christmas,bad habit,dancing,football,cha cha cha,nike,sophia,thames,washing dishes,why has nobdy told me this before,shard,the stranger,euro,toothbrush,customer service rep,flowers,burger,pug,dance
606b10aae68df3560d9843ef,35,Female,White,uk,uk,uk,English,within,1,younger,,france,ford,Rainy,Hitler,Cadburys,spain,Labour,Vodka,2022,fly,London,Ski,Cross trainer,Hello,13-Dec,Netflix,Daily mail,1,ben nevis,GTA,Tesco,Ronaldo,Trousers,Nigeria,Beatles,Trafalgar Square,Cactus,Shell,Daisy,Exhaust,na,English,Wedding,Imagine,Drink,Football,Cha Cha,Nike,Olivia,Nile,Washing,Bible,Westminster palace,Love Actually,Euro,Toilet,Lawyer,Plant,Pizza,Labrador,Drugs
606b10aae68df3560d9843ef,35,Female,White,uk,uk,uk,English,between,2,younger,,france,ford,Rainy,Queen Victoria,Cadburys,spain,Conservative,Wine,2022,Fly,London,Sunbathe,Running,Hello,13-Dec,BBC,Herald,1,Ben Nevis,Fortnite,Tesco,Ronaldo,Blouse,Egypt,Beatles,Tralfalgar Square,Geranium,Pebble,Dahlia,Exhaust,na,Maths,Wedding,Let it Be,Drink,Football,Cha Cha,Adidas,Mary,Nile,Dishes,Bible,Parliament,Gone with the Wind,Euro,Sink,Lawyer,Plant,Pizza,Labrador,Drink
6075b8f5dd5ec434c41b01b8,60,Male,Asian,uk,uk,uk,English,within,1,older,,france,ford,Sunny,Winston Churchill,Cadbury's,spain,Conservative,Beer,2000,Ant,London,Sunbathe,Running,Radio Times,25-Dec,BBC,Daily Mail,1,Everest,Space Invaders,Sainsbury's,Geoff Hurst,Hat,South Africa,The Beatles,Nelson's Column,Yucca,Towel,Daffodil,Wheel,na,History,Birthday,She Loves You (yeah yeah yeah),Drinking,Football,Twist,Marks and Spencer,Susan,Thames,Cleaning,The Bible,Buckingham Palace,Gone With The Wind,Dollar,Soap,Accountant,Spade,Hamburger,Labrador,Dance
6075b8f5dd5ec434c41b01b8,60,Male,Asian,uk,uk,uk,English,between,2,older,,france,kia,Sunny,Winston Churchill,Cadbury's,spain,Labour,Beer,2022,Ant,London,Sunbathe,Running,OK,25-Dec,Netflix,Sun,1,Everest,Grand Theft Auto,Sainsbury's,Harry Kane,Hat,South Africa,Taylor Swift,Nelson's Column,Yucca,Towel,Tulip,Wheel,na,History,Birthday,Happy Birthday,Dancing,Football,Hip Hop,Uniglo,Abbie,Thames,Cleaning,Bible,Buckingham Palace,The Batman,Euro,Floss,Website Designer,Flowers,Kebab,Labrador,Drink
60d1c527dcdd3f3b9c47025b,35,Female,White,uk,uk,uk,English,within,2,younger,,spain,vauxhall,snow,The Queen,galaxy,spain,Labour,Wine,2000,spider,London,sunbathe,running,hello,25-Dec,netflix,daily mail,10,Everest,Fifa,Tesco,David Beckham,jeans,Egypt,Elvis,Tower of London,spider plant,sand,rose,engine,na,maths,birthday,hello,dancing,football,jive,levi's,rose,Thames,hoovering,Pride and Prejudice,Shard,Love Actually,Dollar,mirror,doctor,grass,burger,poodle,dance
60d1c527dcdd3f3b9c47025b,35,Female,White,uk,uk,uk,English,between,1,younger,,france,ford,Rainy,The Queen,Cadbury's,Italy,Conservatives,Beer,1980,Spider,London ,read,running,hello,25-Dec,BBC,Independent,10,Everest,Sims,Tesco,Jessica Ennis,Jeans,Egypt,Elvis,Tower of London,Spider plant,Sand,rose,engine,na,maths,birthday,Hello,cake,football,disco,levi's,Rose,Thames,dusting,Emma,Shard,Love Actually,Euro,toilet,Doctor,grass,ice cream,labrador,dance
6100409060014f76a485d0d7,59,Female,White,uk,uk,uk,English,within,1,older,,spain,ford,Snow,Winston Churchill,Cadbury's,Greece,Labour,Beer,1963,bee,london,sunbathe,running,tatler,25-Dec,bbc1,The Times,1,alps,minecraft,Tesco,Harry Kane,shirt,Kenya,Bon Jovi,Eiffel tower,Spider plant,sand,rose,exhaust,na,history,birthday,Summer of 69,drinking,football,ceroc,M&S,Michelle,Thames,washing up,Wind in the Willows,Buckingham Palace,Jaws,dollar,toothbrush,doctor,flowers,burger,labrador,tneatre
6100409060014f76a485d0d7,59,Female,White,uk,uk,uk,English,between,2,older,,france,audi,snow,winston churchill,hershey,turkey,conservative,wine,2001,fly,london,swim,gym,red,25-Dec,netflix,the sun,1,pyrenees,minecraft,sainsbury's,harry kane,dress,egypt,duran duran,the shard,cactus,parasol,daffodil,engine,na,maths,birthday,all i want for christmas is you,drinking,football,ceroc,marks & spencer,Susan,Thames,hoovering,lord of the rings,the white house,Home Alone,Euro,soap,dentist,birds,sandwich,corgi,go to a restaurant
6114ec24aa7f97ccf407daeb,33,Female,White,uk,uk,uk,English,within,1,younger,,france,toyota,rain,Henry VIII,Cadbury,spain,Labour,Beer,2000,Bee,London,Sunbathe,Running,Cosmopolitan,14-Feb,Netflix,Metro,100,Everest,Solitaire,Tesco,Lewis Hamilton,Jumper,Nigeria,Busted,Angel of the North,Cactus,Shell,Rose,Wheel,na,English,Christmas,Hokey Cokey,Drinking,Swimming,Cancan,Superdry,Olivia,Thames,Ironing,Harry Potter,The Gherkin,Harry Potter,Euro,Toothbrush,Teacher,Plant,Toast,Labrador,Drink
6114ec24aa7f97ccf407daeb,33,Female,White,uk,uk,uk,English,between,2,younger,,Italy,bmw,Rain,Henry VIII,Cadbury,spain,Labour,Wine,2000,Ant,London,Read,Jogging,Country Life,25-Dec,BBC,Metro,100,Everest,Solitaire,Tesco,Bradley Wiggins,Jumper,Kenya,Abba,Big Ben,Cactus,Sand,Rose,Wheel,na,Maths,Birthday,Super Trouper,Dancing,Rugby,Waltz,Reebok,Isobel,Thames,Ironing,Harry Potter,Big Ben,Harry Potter,Euro,Toothbrush,Teacher,Plant,Toast,Labrador,Restaurant
61197cf4d3c4b3fceb5b989e,34,Male,White,uk,uk,uk,English,within,1,younger,,france,audi,Rain,Abraham Lincoln,Cadburys,spain,Labour,Beer,2000,Bee,London,Beach,Gym,Hello,25-Dec,Netflix,The Guardian,100,Etna,Mario,Tesco,Ronaldo,Jumper,Ethiopia,Beyonce,Eifel Tower,Spider,Seashell,Daisy,Wheel,na,Maths,Birthday,Bad Romance,Dancing,Football,Cha Cha,Nike,Ann,Thames,Washing dishes,Harry Potter,House,Elf,Euro,Toilet,Police Officer ,Insects,Hodog,Pug,Drink
61197cf4d3c4b3fceb5b989e,34,Male,White,uk,uk,uk,English,between,2,younger,,spain,bmw,Sun,Winston Churchill,Mars,Italy,Conservatives,Wine,1964,Fly,London,Sunbathe,running,Hello,25-Dec,BBC,Daily Mail,10,Etna,Tetris,Tesco,David Beckham,Coar,Ethiopia,The Beatles,Big Ben,Aloe Vera,Sandcastle,Sunflower,Wheels,na,English,Birthday,Help,Dancing,Football,Foxtrot,George,Charlotte,Thames,Ironing,The Bible,Hospital,ET,Euro,Toilet,Doctor,Gnome,Burger,German Shepherd,Dance
611a8d23c1d17506a23df589,57,Male,White,uk,uk,uk,English,within,1,older,,france,ford,rain,Churchill,mars,spain,labour,beer,2022,spider,london,sunbathe,jogging,vogue,01/01/2022,bbc2,the guardian,8,everest,snakes,tescos,george best,jeans,morroco,the rolling stones,big ben,vine,towel,daisy,bonnet,na,maths,christmas,hey jude,dancing,football,foxtrot,Armani,stephanie,thames,cleaning,the bible,empire state,star wars,america,soap,lecturer,lawn mower,hamburger,poodle,drink
611a8d23c1d17506a23df589,57,Male,White,uk,uk,uk,English,between,2,older,,italy,porsche,sunshine,Nelson Mandela,Twix,Greece,Green,Wine,2021,fly,new york,eat,going to the gym,elle,01/01/2021,channel 4,metro,9,Kilimanjaro,pacman,sainsburys, usain bolt,shirt,nigeria,the beatles,the empire state building,tomato plant,sunscreen,bluebell,windscreen,na,art,halloween,bohemian rhapsody,drinking,cricket,break dance,boss,emma,seine,hoovering,great expectations,big ben,jaws,china,flannel,lawyer,hose pipe,hot dog,Labrador ,dance
611c06063189628b4b4fdd6f,61,Female,White,uk,uk,uk,English,within,1,older,,france,volskwagen,Sunny,Winston Churchill,Cadburys,spain,Labour,Beer,1982,Bee,London,Swim,Running,Heat,25-Dec,BBC,Times,8,Ben Nevis,Simms,Sainsburys,Boris Becker,Hat,Egypt,U2,Big Ben,Cactus,Sea shell,Rose,Engine,na,History,Birthdays,Blackbird,Drinking,Football,Twist,North Face,Anne,River Thames,Washing up,Far from the madding crowd,Eiffel Tower,Jurassic Park,Euro,Soap,Teacher,Plant,Crisps,Spaniel,Dance
611c06063189628b4b4fdd6f,61,Female,White,uk,uk,uk,English,between,2,older,,spain,Fiat,Sunshine,Queen,Galaxy,spain,Labour,Wine,2020,bee,manchester,sunbathe,gym,heat,25-Dec,netflix,times,6,ben nevis,simms,aldi,mo farra,jeans,egypt,shires,big ben,cactus,shell,lily,engine,na,maths,birthday,skyfall,drinking,football,waltz,rockport,amy,thames,cleaning,not sure,shard,elvis,euro,soap,nurse,plant,pizza,spaniel,dance
611e283064ad72ef8c6f48cd,30,Female,White,uk,uk,uk,English,between,1,younger,,england,ford,Rain,Anne Frank,Cadbury,spain,Conservative,Wine,2022,Fly,London,Sunbathe,Gym,Take A Break,25-Dec,BBC1,The Sun,1,Mount Everest,The Sims,Tesco,David Beckham,Trousers,Egypt,Queen,Big Ben,Cactus,Sand,rose,steering wheel,na,english,birthday,happy birthday,eat cake,football,macarena,new look,sarah,nile,washing up,pride and prejudice,empire state,titanic,euros,toilet,doctor,flower,hotdog,labrador,drink alcohol
611e283064ad72ef8c6f48cd,30,Female,White,uk,uk,uk,English,within,2,younger,,england,fiat,sunshine,anne frank,cadbury,maldives,labour,cocktail,2022,fly,london,sunbathe,gym,elle,25-Dec,netflix,daily mail,1,everest,fortnite,tesco,cristiano ronaldo,dress,egypt,harry styles,big ben,cactus,sand,rose,steering wheel,na,english,birthday,as it were,eat cake,football,ballet,topshop,sarah,nile,hoovering,harry potter,empire state building,harry potter,dollar,toilet,teacher,flower,taco,pug,drink alcohol
612648178dccdcacb45da43c,27,Female,White,uk,uk,uk,English,between,1,younger,,france,hyundai,rain,winston churchill,cadburys,france,conservatives,beer,2022,ant,london,sunbath,exercise,heat,13-Dec,BBC,Daily mail,1,everest,candy crush,tesco,mo farah,tshirt,nigeria,the beatles,stonehenge,fern,towel,daisy,engine,na,maths,party,happy birthday,dancing,football,waltz,Next,laura,trent,hoovering,harry potter,big ben,the godfather,euro,toothbrush,nurse,hedgehog,hotdog,labrador,dance
612648178dccdcacb45da43c,27,Female,White,uk,uk,uk,English,within,2,younger,,spain,audi,rain,barrack obama,cadburys,spain,labour,beer,2022,ant,london,sunbath,running,cosmopolitan,13-Dec,Netflix,Daily mail,1,everest,call of duty,aldi,marcus rashford,jeans,nigeria,ed sheeran,grand canyon,fern,towel,daisy,engine,na,maths,party,Anti-hero,drinking,football,tango,asos,laura,thames,hoovering,harry potter,big ben,the shawshank redemption,dollar,toothbrush,nurse,hedgehog,hotdog,labrador,dance
6149f1d81615b7e69723b517,32,Female,White,uk,uk,uk,English,between,1,younger,,france,ford,Rain,Winston Churchill,Dairy Milk,spain,Labour,Beer,2000,Ant,London,Sunbathe,Running,Time Ou,25-Dec,BBC1,The Times,1,Mont Blanc,Tetris,Tesvo,Andy Murray,Tshirt,Kenya,Coldplay,Stonehenge,Yukka,Sand,Tulip,Wheel,na,Maths,Wedding,Amazing Grace,Dancing,Football,Tango,Levi,Mary,Nile,Washing up,Harry Poter,The Shard,Mary Poppins,Dollar,Toilet,Doctor,Grass,Banana,Poodle,Dance
6149f1d81615b7e69723b517,32,Female,White,uk,uk,uk,English,within,2,younger,,france,audi,Sun,Churchill,Dairy Milk,spain,Conservatives,Beer,2000,Butterfly,London,Swimming,Pilates,Heat,13-Dec,BBC1,The Sun,1,Everest,Call of Duty,Tesco,David Beckham,Dress,South Africa,Ed Sheeran,The Eiffel Tower,Orchid,Sand,Rose,Wheel,na,English,Wedding,Happy,Dancing,Football,Jive,Zara,Olivia,Thames,Hoovering,Harry Potter,Burj Khalifa,Titanic,Dollar,Toilet,Doctor,Grass,Chocolate,Cockapoo,Dance
614afe29d2edbc484f004cc6,34,Male,White,uk,uk,uk,English,between,1,younger,,france,ford,rain,nelson,cadburys,spain,labour,beer,2012,spider,london,sunbathe,running,cosmopolitain,25-Dec,channel 4,sunday times,12,everest,tomb raider,tesco,gary lineker,jumper,south africa,duran duran,nelsons column,spider plant,sand,rose,roof,na,maths,birthday party,white christmas,drinking,football,waltz,levis,rose,thames,dusting,harry potter,shard,shawshank redemption,euros,toilet,doctor,grass,burger,labrador,drink
614afe29d2edbc484f004cc6,34,Male,White,uk,uk,uk,English,within,2,younger,,france,tesla,rain,hitler,galaxy,spain,labour,beer,2012,spider,london,sunbathe,running,fhm,25-Dec,netflix,guardian,12,everest,fortnite,aldi,ronaldo,jumper,morocco,ed sheeran,nelsons column,spider plant,sand,rose,bonnet,na,maths,birthday,white christmas,drinking,football,waltz,levis,rose,thames,hoovering,harry potter,shard,shawshank redemption,dollars,toilet,doctor,grass,pizza,retriever,dance
614da66d7f267237bf6d05e6,62,Male,White,uk,uk,uk,English,between,1,older,,france,ford,Sunshine,Jesus,Cadburys,USA,Labour,Beer,2020,Ant,London,go to the beach,running,the Spectator,25-Dec,BBC,The Times,10,Everest,Fortnite,Tesco,Harry Kane,jacket,Nigeria,Adele,Nelson's Column,Orchid,seaweed,Tulip,steering wheel,na,Maths,birthday,One love,drinking,football,salsa,SuperDry,Hannah,Thames,Hoovering,Harry Potter and the Philosopher's Stone,Buckingham Palace,Top Gun,dollar,toothbrush,builder,watering can,burger,labrador,go to the pub
614da66d7f267237bf6d05e6,62,Male,White,uk,uk,uk,English,within,2,older,,spain,ford,Rain,Winston Churchill,Cadburys,spain,Conservatives,Wine,1066,fly,London,sightseeing,gym,Hello,25-Dec,Sky,Daily Mail,6,Everest,space invaders,Tesco,Lewis Hamilton,Shirt,Kenya,U2,Angel of the North,Pointsettia,driftwood,Daffodil,bonnet,na,History,birthday,Happy birthday to you,dancing,Cricket,salsa,Levi jeans,Sarah,Mississippi,washing,Lord of the Rings,St Paul's Cathedral,Titanic,dollar,toothbrush,teacher,flowers,burger,Poodle,go for a meal
6163077ae8c94d5f135f2bb3,64,Male,White,uk,uk,uk,English,within,1,older,,france,ford Cortina,Rain,Winston Churchill,Mars bar,spain,Labour,Lager,1966,ant,London,drink,walking,Radio times,25-Dec,BBC,Times,100,everest,fast & furious,Asda,Gary Lineakar,coat,Nigeria,U2,Big Ben,Yucca,seaweed,daisy,engine,na,maths,Christmas,god save the king,drinking,football,the twist,Ralph Lauren,Christine,Thames,dusting,the bible,empire state,Longest Day,dollar,soap,policeman,grass,kebab,collie,dance
6163077ae8c94d5f135f2bb3,64,Male,White,uk,uk,uk,English,between,2,older,,france,bmw,Snow,David Beckham,twirl,spain,Labour,lager,2000,bee,Manchester,sunbath,gym,heat,25-Dec,Netflix,The Sun,2,everest,call of duty,Tesco,Harry Kane,shirt,South Africa,Pink,Buckingham Palace,Yucca,towel,daisy,engine,na,maths,birthday,footballs coming home,drink,football,waltz ,Hugo Boss,Donna,Thames,vacuuming,bible,Buckingham Palace,Godfather,euro,shampoo,call centre,weeds,kebab,french bulldog,drugs
6171a2b0fe9fb7af0052c2c2,31,Male,White,uk,uk,uk,English,within,1,younger,,uk,ford,Sunny,Queen Elizabeth II,Dairy Milk,spain,Labour,Beer,2022,Bee,London,Sunbath,Running,Heat,25-Dec,Netflix,The Sun,1,Snowdon,Call of Duty,Tesco,Harry Kane,Jumper,Kenya,Arctic Monkeys,Stonehenge ,Aloe vera,Sand,Sunflower,Engine,na,English,Birthday,Bohemian Rhapsody,Drinking,Football,Breakdancing,Nike,Rachael,Thames,Cleaning,Dictionary,White House,Shaun of the Dead,Dollars,Toothbrush,Accountant,Flowers,hotdog,Labrador ,Drink
6171a2b0fe9fb7af0052c2c2,31,Male,White,uk,uk,uk,English,between,2,younger,,spain,ford,Sunny,Queen Elizabeth II,Dairy Milk,spain,Labour,Beer,2022,Spider,London,Eat,Gym,Heat,25-Dec,BBC,Guardian,1,Everest,Fortnight,Tesco,Harry Kane,Jumper,Kenya,Queen,Stonehenge,Aloe Vera,Sand,Rose,Engine,na,English,Birthday,Bohemian Rhapsody,Drinking,Football,Samba,Next,Elizabeth,Thames,cleaning,Dictionary,White House,Shawshank Redemption,Dollars,Toothbrush,Accountant,Flowers,Hotdog,Labrador,Drink
61f2adcea09e72f23cbaf96a,34,Male,White,germany,uk,uk,English,within,1,younger,,germany,mercedes,Rain,einstein,Dairy Milk,Italy,Labour,beer,2002,ant,London,Go to the beach,running,ok,4th of july,Disney+,sun,27,Ben nevis,call of duty,asda,messi,jacket,chad,doja cat,eiffel tower,cactus,sand,rose,exhaust,na,english,birthday party,hello,drinking,football,people still name dances?,nike,Taylor,avon,cleaning,harry potter,house,tenet,euro,toilet,builder,grass,burger,golden retriever,drink
61f2adcea09e72f23cbaf96a,34,Male,White,germany,uk,uk,English,between,2,younger,,england,ford,rain,churchill,Dairy milk,spain,Labour,beer,1999,ant,London,Sleep,walking,autosport,01-Jan,bbc1,Daily mail,55,ben nevis,tetris,asda,hamilton,jacket,south africa,who,london bridge,fern,towel,rose,exhaust,na,english,birthday party,we wont get fooled again,drinking,football,robot,northface,janet,avon,cleaning,bible,house,bond,euro,toilet,builder,grass,burger,golden retriever,dance
622b8b6947c63363d00dc716,59,Male,White,uk,uk,uk,English,between,1,older,,england,ford,Rain,Churchill,Mars,spain,Labour,Lager,2022,Ant,London,Sunbathe,Running,Radio Times,01-Jan,BBC1,The Sun,1,Everest,Call of Duty,Tesco,Harry Kane,Jeans,,,,,,,,,,,God Save The King,Drinking,Football,Disco,Levi,Molly,Thames,washing up,The Bible,Buckingham Palace,Top Gun,Euro,Shower,Plumber,Lawn,Burger,Boxer,Drink
622b8b6947c63363d00dc716,59,Male,White,uk,uk,uk,English,within,2,older,,england,bmw,Rain,Churchill,Twix,spain,Conservative,Lager,2022,Ant,London,sunbathe,running,Radio Times,01-Jan,BBC1,The Times,1,Everest,Call of Duty,Tesco,Harry Kane,Jeans,Egypt,ABBA,Stonehenge,Spider plant,Sand,Rose,Engine,na,English,Birthday,Jerusalem,Drinking,Football,Disco,Levi,Elizabeth,Thames,Washing up,The Bible,Buckingham Palace,The Godfather,Euro,Bath,Electrician,Shed,Hot Dog,Labrador,Drink
622e282986d38f7f8fb74e93,61,Female,White,uk,uk,uk,English,within,1,older,,france,mini,snow,queen,cadburys,spain,labour,beer,2020,bee,london,sunbath,jogging,timeout,10 10,itv,gardian,10,ben nevis,mario,sainbury,david beckham,dress,nigeria,take that,landsend,money plant,sand,rose,engine,na,english,christmas,white christmas,drinking,football,tango,m and s,amy,thames,washing up,bible,house of commons,avitar,dollar,soap,lawyer,plants,chips,pug,drink
622e282986d38f7f8fb74e93,61,Female,White,uk,uk,uk,English,between,2,older,,france,bently,snow,queen,snifkers,spain,conservative,wine,1990,bee,london,have fun,gym,timeout,2020,netflix,times,10,bennevis,mario,tesco,beckham,dress,nigeria,rihana,big ben,cactus,sand,rose,engine,na,english,christmas,white christmas,drinking,football,salsa,victoria secret,lucy,thames,washing up,harry potter,chard,the shining,dollar,soap,doctor,plants,chips,pug,drink
6266b7a695b41136a3922aeb,57,Male,White,uk,uk,uk,English,within,1,older,,france,ford,Rain,Winston Churchill,Cadburys,spain,Labour,Lager,2022,Bee,London,Sunbathe,Run,What Car,25-Dec,ITV,daily mail,1,everest,mario kart,tesco,tyson Fury,jeans,kenya,take that,big ben,spider plant,sand,daffodil,engine,na,maths,birthday,my way,drinking,football,the twist,levis,adele,thames,ironing,lord of the rings,buckingham palace,star wars,euro,towel,policeman,plants,burger,labrador,dance
6266b7a695b41136a3922aeb,57,Male,White,uk,uk,uk,English,between,2,older,,france,audi,rain,queen elizabeth,kinder,spain,conservative,vodka,2021,bee,manchester,swim,gym,hello,01-Jan,netflix,the sun,9,snowdon,minecraft,aldi,harry kane,jeans,morocco,adele,big ben,busy lizzie,sun bed,tulip,steering wheel,na,english,wedding,hello,drinking,football,macarena,armani,adele,thames,washing up,the hobbit,empire state,Avatar,euro,toothbrush,policeman,plants,burger,husky,drink
62a372ba36d648e718d3c9a4,27,Male,Asian,uk,uk,uk,English,between,1,younger,,spain,ford,Sunny,Churchill ,Cadbury,Tenerife ,Conservative ,straight whiskey ,1960,ant,London,Sunbathe ,running,GQ,13-Dec,BBC,Telegraph,1,Everest ,Super mario,Sainsburys,Ben stokes,t-shirt,uganda,beetles ,Big ben,aloe,beach ball,rose,engine,na,maths,birthday,don't let me down,cake is cut,Football,salsa,nike,sarah,Thames ,washing dishes,unsure,unsure,toy story,euros ,toothbrush,accountant ,flowers,ice cream,poodle ,drink
62a372ba36d648e718d3c9a4,27,Male,Asian,uk,uk,uk,English,within,2,younger,,spain,volskwagen,Sunny,drake,cadbury,france,labour ,jd and coke,2020,bee,London,Drink,Lifting weights,ok,25-Dec,Netflix,The sun,10,Everest ,Fortnite,Aldi,Harry Kane,jeans,South Africa,Ed Sheeran ,Big Ben,Aloe,beach ball,tulip ,engine,na,english,birthday,Loyal - Chris Brown,Drink,Football,Hip-hop,Palm Angels,Jessica,Thames,hoovering,can't hurt me,bt tower ,avengers end game,dollar ,toilet,manager ,grass,hot dog ,Rottweiler ,drink
62a447d91e71bfacd2e8c006,58,Female,White,uk,uk,uk,English,within,1,older,,france,ford,Rain,Queen Victoria,Cadbury's,spain,Labour,Wine,2000,Butterfly,London,Sightseeing,R,Vogue,01-Jan,BBC1,The Daily Mail,7,Everest,Minecraft,Tesco,Andy Murray,Coat,South Africa,Queen,Eiffel Tower,Swiss Cheese plant,Shell,Rose,Wheel,na,English,Christmas,Happy Birthday to you,Dancing,Football,Jive,North Face,Anne,Amazon,Washing dishes,Pride and Prejudice,Buckingham Palace,Gone with the Wind,Euro,Toilet,Teacher,Tree,Chips,Labrador,Go for a meal
62a447d91e71bfacd2e8c006,58,Female,White,uk,uk,uk,English,between,2,older,,france,ford,Snow,Queen Elizabeth II,Cadbury's,spain,Conservative,Wine,2000,Butterfly,London,Sunbathing,exercise class,Cosmopolitan,25-Dec,Netflix,Daily Mail,7,everest,Minecraft,Asda,David Beckham,Jumper,South Africa,Queen,Eiffel tower,Spider plant,Sand,Daisy,Wheel,na,English,Birthday,Happy Birthday to you,Dancing,Football,Jive,Burberry,Sophie,Thames,Hoovering,50 shades of grey,Buckingham Palace,Ghandi,Euro,Bath,Teacher,tree,burger,Labradoodle,Dancing
62b5ffcabc276b61f9dffc6f,31,Male,Asian,uk,uk,uk,English,between,1,younger,,spain,mercedes,Sun,Winston Churchill,Dairy milk,Rome,Conservative,Peroni,2020,lady bird ,London ,Swimming ,Running ,Heat ,13/12/2022,BBC iplayer,The sunday times,one hundred ,mount Everest ,call of duty ,tesco ,David Beckham,T shirt,Kenya,Abba,Big ben,aloe plant,pebbles,Daisy ,engine ,na,English,Christmas,Abbas money money money,dancing ,Football,Tango,Adidas,Sarah ,River Nile,washing up,Harry potter ,The Shard,Saving private ryan ,euro,tooth brush,Architect,Grass,choclate bar,german shepard ,drink
62b5ffcabc276b61f9dffc6f,31,Male,Asian,uk,uk,uk,English,within,2,younger,,Greece,audi,Snow,Nelson Mandela,Galaxy ,Ibiza,Labour,gin and tonic,2022,beetke,Rome,sun bathe,going to the gym,mens helath,13/12/2022,netflix,daily mail,fifty,mount kilamanjaro,fifa,Sainsburys,Kylian Mbappe,cargo trousers,Tanzania,The weeknd,acropolis,spider plant,sand,lilly,door,na,maths,new years,drake baby,dancing,football,griddy,nike,India,River Amazon,washing clothes,Game of thrones,The shard ,Black panther,Euro,Tooth paste,Accountant ,fence,chicken wrap,poodle,get with someone
62cbf6ede47c5899f8c43690,26,Male,Asian,uk,uk,uk,English,between,1,younger,,uk,mercedes,Cloudy,Queen Elizabeth II,Cadbury,spain,Conservative,Martini,2022,Spider,London,Sunbathe,Cycling,The Economist,13-Dec,BBC1,The Guardian,1,Everest ,Pacman,Tesco,David Beckham,Tshirt,Nigeria,Beatles,Big Ben,Aloe,Sand,Dandelion,Wheels,na,Maths,Birthday,Angels,Drinking,Football,Boogie,Nike,Charlotte,Thames,Cleaning,Dune,The shard,Shawshank Redemption,Euro,Sink,Accountant,Grass,Hotdog,Golden Retreiver,Drink
62cbf6ede47c5899f8c43690,26,Male,Asian,uk,uk,uk,English,within,2,younger,,uk,mercedes,Cloudy,Queen Elizabeth II,Cadbury,spain,Labour,Mojito,2022,Spider,London,Sunbathe,Gym,The Economist,13-Dec,Netflix,Daily Mail,1,Everest,Call of Duty,Tesco,David Beckham,Tshirt,Nigeria,Taylor Swift,Big Ben,Aloe,Sand,Rose,Wheels,na,Maths,Birthday,Angels,Drink,Football,Shuffle,Nike,Charlotte,Thames,Cleaning,Harry Potter,The Shard,The Avengers,Euro,Sink,Doctor,Grass,Hotdog,Golden Retreiver,Drink
62ce9f115a24ca323371d2dc,30,Male,Asian,uk,uk,uk,English,between,2,younger,,germany,ford,rain,queen elizabeth,snickers,italy,conservatives,coke and rum,2020,spider,new york,swimming,jogging,now,09-Sep,itv,the guardian,37,kilimanjaro,fortnite,asda,ronaldo,shirt,chad,mozart,nelson's column,furn,pebbles,sunflower,exhaust,na,mathematics,wedding anniversary,never gonna give you up,giving presents,golf,tango,marks and spencers,barbara,thames,vacuuming,all's quiet on the western front,canary wharf,citizen kane,dollar,toilet rolls,doctor,lawnmower,coffee,golden retreiver,eat dinner
62ce9f115a24ca323371d2dc,30,Male,Asian,uk,uk,uk,English,within,1,younger,,england,ford,sunny,churchill,mars,spain,labour,beer,2001,beetle,london,sunbathing,running,GQ,11-Sep,bbc one,the sun,7,mt. fuji,call of duty,tesco,messi,trousers,Nigeria,ed sheeran,big ben,sunflower,sand,daffodil,engine,na,english,birthday,banquet,dancing,football,twerking,gucci,sarah,ganges,mopping,to kill a mockingbird,empire state building,harry potter,euro,toilet,barista,grass,chips,corgi,drinking
62cfeab06cb6c36b80b91493,32,Female,White,uk,uk,uk,English,between,1,younger,,france,bmw,rain,churchill,cadburys,spain,convervatives,gin and tonic,1970,ant,london,go to the beach,running,radio times,01-Jan,bbc1,the times,12,alps,mario,tesco,david beckham,tshirt,egypt,the beatles,big ben,suculant,sand,tulip,tires,na,maths,christmas,jingle bells,drinks,tennis,jive,burberry,sarah,nile,hoovering,animal farm,houses of parliment,titanic,dollar,sink,doctor,shed,sandwich,yorkshire terrier,go to a club
62cfeab06cb6c36b80b91493,32,Female,White,uk,uk,uk,English,within,2,younger,,france,toyota,rain,martin luther king,caburys,greece,labour,vodka and coke,2020,bee,paris,go to the beach,going to the gym,hello,01-Jan,netflix,the sun,12,alps,grand theft auto,tesos,david beckham,shirt,morroco,1975,effal tower,cactus,sand,sunflower,wheel,na,maths,christmas,we will rock you,drinking,football,twerk,chanel,lisa,nile,washing,dorean grey,big ben,avatar,dollar,toliet,teacher,shed,sandwich,great dane,get drunk
62d90e828279a1f54b9c0a0e,33,Male,White,uk,uk,uk,English,within,2,younger,,france,ferrari,snow,shakespeare,mars,spain,labour,lager,2022,ant,london,sightsee,gym,time,25-Dec,netflix,the sun,1,everest,call of duty,tesco,harry kane,shirt,egypt,coldplay,the shard,triffid,deckchair,daisy,engine,na,maths,cartwheel,sweet caroline,dancing,football,waltz,nike,olivia,nile,cleaning,fifty shades of grey,the shard,harry potter,euro,shower,Teacher,grass,pizza,german shepherd,drink 
62d90e828279a1f54b9c0a0e,33,Male,White,uk,uk,uk,English,between,1,younger,,france,toyota,sun,churchill,mars,spain,labour,lager,2022,ant,london,sunbathe,running,time,01-Jan,bbc,the sun,1,everest,tetris,tesco,david beckham,shirt,south africa,elvis presley,stonehenge,cactus,sand,daisy,engine,na,english,jump,candle in the wind,dancing,football,tango,nike,jane,nile,cleaning,the bible,empire state building,titanic,euro,bath,teacher,shed,pizza,labrador,drink
62e1547274276bcf3741a482,35,Male,White,uk,uk,uk,English,within,1,younger,,england,bmw,Sunny,Queen Elizabeth,Cadburys,spain,Labour,Beer,1999,Fly,London,sunbath,Running,NME,25-Dec,BBC iPlayer,Times,1,Mount Everest,Call of Duty,Asda,Alan Shearer,tshirt,Egypt,the cure,Big Ben,Peace Lily,Sand,Rose,Engine,na,Maths,Birthday,God Save The Queen,Birthday Cake is served,Football,Salsa,Levi,Samantha,Thames,Cleaning,The Bible,The Roundhouse Theatre,Titanic ,Dollar,toliet,Policeman,Grass,Pasty,labrador ,dance
62e1547274276bcf3741a482,35,Male,White,uk,uk,uk,English,between,2,younger,,spain,volvo,Sunny,Henry 8th ,Cadburys,spain,Conservatives ,Tea,1966,Fly,London,Sunbath,Running,NME,25-Dec,BBC,Times,1,Everest,Pong,Asda,Alan Shearer,tshirt,Egypt,The cure,Big Ben,Peace Lily,Shells,Rose,Engine,na,Maths,Brithday,I hate you,Dancing,Football,salsa,levi,Jane,Thames,Cleaning,The Bible,The Roundhouse,Titanic,Dollar,Toliet,Cleaner,grass,burger,colley,dance
62e94c384f809b7d0831f4ea,32,Male,White,uk,uk,uk,English,between,1,younger,,france,ford,Rain,william churchill,cadburys,spain,Conservative,beer,1947,bee,london ,swim,running,ok,01-Jan,bbc,daily mail,1,snowdon,Tetris,tesco,david beckham,jeans,niger,fleetwood mac,eiffel tower,bonsai tree,sand,daisy,engine,na,maths,birthday,ymca,drinking,tennis,macarena,nike,beth,misissippi,washing dishes,of mice and men,whitehouse,avengers,euro,toilet,police officer,grass,sandwich,jack russel,drink
62e94c384f809b7d0831f4ea,32,Male,White,uk,uk,uk,English,within,2,younger,,england,ferarri,rain,david cameron,dairy milk,spain,labour,lager,2000,ant,london,drinking,gym,ok!,25-Dec,netflix,the sun,69,benevis,call of duty,asda,harry kane,tshirt,south africa,drake,bullring,cactus,sand,rose,engine,na,English,christmas,shut up,drinking,football,gangham style,adidas,rosie,severn,hoovering,50 shades of grey,jfk,avengers,euro,toilet,youtuber,grass,burger,sausage,dance
62ec16be1961cd31dc644dc9,32,Female,Asian,uk,uk,uk,English,between,1,younger,,france,ford,Rain,Winston Churchill,Galaxy,spain,Conservative,Gin and Tonic,1950,Ant,London,Sunbathe,Running,Vogue,12-Dec,BBC,The Guardian,20,Everest,FIFA,Tesco,Football,Trousers,Uganda,Rolling Stones,London Eye,Olive tree,Sand,Carnations,Wheels,na,English,Christmas,Jingle Bells,Dancing,Football,Tango,Nike,Lucy,Thames,Hoovering,Dictionary,Big Ben,Titanic,Euro,Toothbrush,Teacher,Flowers,Chips,Labrador,Drink
62ec16be1961cd31dc644dc9,32,Female,Asian,uk,uk,uk,English,within,2,younger,,spain,Jaguar,Hot,The queen,Dairy Milk,Thailand,Labour,Vodka,2012,Spider,Paris,Swim,Crossfit,Glamour,16-Sep,4OD,Guardian,10,Everest,FIFA,Aldi,Cristiano Ronaldo,Boots,Nigeria,Coldplay,Eiffle Tower,Plant,Shells,Rose,Engine,na,History,Birthday,Hotline Bling,Getting drunk,Basketball,Foxtrot,Nike,Sarah,Thames,Dusting,Harry Potter,Chrysler,Harry Potter,Euros,Toilet brush,Doctor,Shovel,Crisps,Cocker SPaniel,Get drunk
62ed08434085fad9eefdfe1a,56,Male,White,uk,uk,uk,English,between,1,older,,france,mercedes,snow,Queen Elizabeth 11,Mars,USA,Labour,Lager,1998,fly,London,Party,going to Gym,gq,25-Dec,Netflix,Guardian,one,Everest,Minecraft,Sainsburys,Harry Kane,Hoodie,South Africa,Blue,London eye,peace lily,plastic rubbish,Rose,Engine,na,Maths,Birthday,Perfect 10 ,drink alcohol,Football,salsa,Under armour,Helen,Thames,hoovering,bible,Houses of parliment,Avatar,Euro,Toilet,Sales,table and chairs,hot dog,Sausage dog,go to a night club
62ed08434085fad9eefdfe1a,56,Male,White,uk,uk,uk,English,within,2,older,,france,audi,Snow,Churchill,Mars,france,Conservatives,Real ale,1966,bee,London,read,going for walk,golf,25-Dec,BBC1,Daily Mail,one,Everest,Angry birds,Sainsburys,Harry Kane,Coat,South Africa,UB40,Nelson Column ,Azeala,Towel,Rose,Engine,na,Maths,New year,Happy birrthday,Drink and eat,Football,Waltz,jamaco,helen,Thames,Cleaning the car,Bible,Big Ben,bond,Euro,Toilet,Director,flowers,Ice cream cone,British buldog,go for a meal
62fb8033c06ae5622f51ad28,29,Male,White,uk,uk,uk,English,within,1,younger,,spain,bmw,rain,martin luther king,dairy milk,spain,labour,beer,1993,spider,new york,sun bathe,running,vogue,19-Jan,netflix,daily mail,12,everest,sims,asda,cristiano ronaldo,hat,kenya,nirvana,eiffel tower,spider plant,sand,daisy,wheel,na,maths,christmas,smells like teen spirit,drinking,football,waltz,adidas,abigail,amazon,dusting,harry potter,the shard,star wars,euro,shower,firefighter,grass,hotdog,springer spaniel,dance
62fb8033c06ae5622f51ad28,29,Male,White,uk,uk,uk,English,between,2,younger,,france,audi,rain,winston churchill,cadburys,spain,labour,beer,1993,spider,london,sunbathe,running,vogue,13-Dec,netflix,daily mail,25,everest,chess,asda,wayne rooney,hat,kenya,the beatles,eiffel tower,sider plant,sand,daisy,wheel,na,maths,christmas,hey jude,dancing,football,waltz,fred perry,abigail,thames,dusting,the bible,the shard,star wars,euro,bath,firefighter,grass,nachos,springer spaniel,dance
63048611bec5d1be0786d78d,30,Female,White,uk,uk,uk,English,within,1,younger,,spain,ford,Sun,Queen Elizabeth,Dairy Milk,spain,Labour,Wine,2012,Ant,London,Sunbathe,Running,OK!,25-Dec,Netflix,Daily Mail,100,Snowdon,The Sims,Asda,Lewis Hamilton,Skirt,South Africa,Adele,Eiffel Tower,Lily ,Pebble,Rose,Tyre,na,Maths,Birthday,Sweet Caroline,Dancing,Football,Cha Cha Slide,Nike,Mary,Nile,Ironing,Harry Potter,The Shard,Harry Potter,Euros,Toothbrush,Nurse,Flowers,Ice cream cone,Staffordshire Bull Terrier,Dance
63048611bec5d1be0786d78d,30,Female,White,uk,uk,uk,English,between,2,younger,,france,ford,Rain,Queen Elizabeth,Dairy Milk,spain,Conservative,Wine,2000,Spider,London,Relax,Walking,Hello,25-Dec,BBC,Daily Mail,100,Snowdon,Call of Duty,Tesco,Alex Ferguson,Coat,South Africa,Tom Jones,Buckingham Palace,Lily,Sand,Rose,Steering Wheel,na,English,Birthday,Sweet Caroline,Dancing,Football,Waltz,Nike,Rose,Nile,Ironing,Harry Potter,Buckingham Palace,Harry Potter,American Dollar,Toothbrush,Nurse,Grass,Ice Cream Cone,Yorkshire terrier,Dance
631745a70c7c585248df1a5d,29,Male,White,uk,uk,uk,English,within,1,younger,,germany,ford,rain,abraham lincoln,snickers,spain,Labour,beer,2000,ant,london,sunbathe,running,hello,01-Jan,netflix,times,1,everest,fortnite,tesco,ronaldo,hat,senegal,adele,statue of liberty,bonsai,sand,rose,engine,na,history,christmas,red red wine,games,football,tango,adidas,rose,thames,cleaning,harry potter,empire state building,die hard,yen,toilet,lawyer,plants,hot dog,husky,drink
631745a70c7c585248df1a5d,29,Male,White,uk,uk,uk,English,between,2,younger,,england,ford,rain,lincoln,mars,spain,tories,wine,2000,ant,London,sunbathe,walking,heat,01-Jan,netflix,telegraph,2,everest,doom,tesco,messi,jeans,south africa,john lennon,na,sunflower,sand,rose,wheels,na,history,birthday,let her go,drinking,football,tango,puma,lilly,thames,laundry,the bible,empire state,die hard,euro,sink,pilot,flowers,hot dog,collie,dance
63468a3c999c8e38f33c7a82,32,Male,White,uk,uk,uk,English,between,1,younger,,spain,ford,Raining,Winston Churchill,Cadbury's,spain,Labour,Lager,1982,Ladybug,London,Sunbathe,Running,Hello,23-Apr,BBC1,The Times,Three,Everest,Pacman,Tesco,Boris Becker,Trousers,Morocco,The Beatles,Eiffel Tower,Aloe Vera,Sand,Rose,Engine,na,Maths,Birthday,Bohemian Rhapsody,Eat cake,Football,Tango,Levis,Victoria,Thames,Cleaning,Harry Potter,The Shard,James Bond,Euro,Toilet,Engineer,Shed,Chips,Labrador ,Drink
63468a3c999c8e38f33c7a82,32,Male,White,uk,uk,uk,English,within,2,younger,,spain,ford,Rain,Nelson Mandela,Cadbury's,spain,Labour,Lager,2001,Ant,London,Sunbathe,Running,Heat,25-Dec,Netflix,Daily Mail,One,Everest,Fifa,Tesco,Harry Kane,Socks,Tunisia,One Direction,Eiffel Tower,Aloe Vera,Sand,Rose,Wheel,na,Math,Birthday,Macarena,Drink,Football,Tango,All Saints,Rebecca,Thames,Cleaning,Harry Potter,The Shard,James Bond,Euro,Toilet,Engineer,Flowers,Kebab,Pug,Drink
6346e69ebd7bbf2cda8fa8e0,26,Male,Mixed,uk,uk,uk,English,within,1,younger,,germany,Ferrari,Snow,Nikola tesla,Cadbury's,spain,Labour,Yaga Bomb,2022,Ant,London,Go to the beach/sunbathe,Running,Time magazine,01-Jan,Netflix,The sun,18,Mount Everest,Call of Duty,Asda,Tyson Fury (Boxing),Coat,Senegal ,Muse,Big Ben (Actually called elizabeth tower lol),Aloe Vera,Shell,sunfllower,Engine,na,Maths,Christmas,That's entertainent by Paul Weller,Social Drinking,Football,Breakdance,Nike,Jess,river Thames,Washing,Harry Potter,Twin Towers,Spirited,Euros,Soap,Lawyer,Grass,hot dog,Alsatian ,Dance
6346e69ebd7bbf2cda8fa8e0,26,Male,Mixed,uk,uk,uk,English,between,2,younger,,england,bmw,Rain,Queen Elizabeth II,Cadbury,france,Labour,Gin & Tonic,1960,Ant,London,Relax,At home workouts,Time,01-Jan,Sky,Evening standard,100,Mount Everest,Tetris,Tesco,Mo Farah,Jumper,senegal,Michael Buble,Big Ben,Vines,shell,Sunflower,Engine,na,History,Christmas,We wish you merry christmas,Music,Football,Breakdancing,Levis,Jess,river Thames,cleaning ,Bible,House of commons,Titanic,euro,Soap,Manger,Flowers,Sandwich,Labrador ,Dance
637fa9a2ca0c2fa078910c4b,35,Male,White,uk,uk,uk,English,within,1,younger,,france,ford,Sunny,Churchill,Cadbury,spain,Conservatives,Beer,2020,Ant,London,Sunbathe,Running,National Geographic,25-Dec,Netflix,The Times,10,Etna,Minecraft,Tesco,Lewis Hamilton,Jumper,South Africa,Ed Sheeran,Buckingham Palace,Money Plant,Sand,Rose,Engine,na,Mathematics,Birthday,Last Christmas,Drinking,Football,Salsa,Nike,Britney,Thames,Washing Up,Harry Potter,Big Ben,Home Alone,Euro,Toilet,Doctor,Plants,Sandwich,Boxer,Party
637fa9a2ca0c2fa078910c4b,35,Male,White,uk,uk,uk,English,between,2,younger,,spain,vauxhall,Cold,Churchill,Hotel Chocolat,Switzerland,Conservatives,Pint,2022,Spider,London,Relax,Walking,Radio Times,01-Jan,BBC 1,The Indepedent,100,Ben Nevis,Space Invaders,Sainsbury's,Gary Lineker,Coat,Kenya,Abba,Trafalgar Square,Spider Plant,Shells,Rose,Door,na,English,Anniversary,Waterloo,Drinking,Golf,Waltz,Cotton Traders,Elizabeth,Thames,Laundry,Macbeth,Tower Of London,Braveheart,Euro,Bath,Nurse,Greenhouse,Biscuit,Labrador,Dance